,Unnamed: 0,freq0,freq1,freq2,freq3,freq4,freq5,freq6,freq7,freq8,freq9,genre
0,0,-673392,-1778795,-483005,134020,41189,28491,-104829,153985,38227,-25115,blues
1,1,-1302842,-265788,388559,18934,-74827,177987,52260,-167151,6267,-6339,blues
2,2,864452,1471189,48933,-239238,239258,18533,35688,-61794,1772,-5467,blues
3,3,3116030,-64192,-162754,52369,-91988,-21801,69136,-21355,-16839,7621,blues
4,4,1190920,1024512,747277,-251050,-31351,-10139,37438,60234,28751,3504,blues
5,5,-442202,-494395,-120079,217365,135136,-500976,138569,170258,-37558,26776,blues
6,6,-473014,2181231,-1790556,-302583,-138672,-50215,-12205,-22217,6574,-8285,blues
7,7,2049584,-1340612,1263369,525539,140932,228930,46720,24002,-10819,-566,blues
8,8,2125784,371926,-217171,148220,-102112,24148,60177,-137293,-16285,-14776,blues
9,9,-3294190,1265701,-98861,451965,36548,-321939,2002,-27142,11140,-7770,blues
10,10,8660732,2736351,45419,127314,-699314,-342156,-172433,84285,-38544,441,blues
11,11,-1308966,60709,112967,-5943,-25575,-12449,4298,-11883,18506,-479,blues
12,12,1004400,-1107444,866028,640928,-262874,-63018,-86141,18921,-42241,3644,blues
13,13,-3159304,-180833,225945,106041,57190,29186,-61576,-6052,-2043,-2554,blues
14,14,546694,-130999,-81043,14361,-64106,20196,-15283,14366,2012,3081,blues
15,15,-1552844,190242,305862,258011,2128,-22005,32840,-36935,4361,-1736,blues
16,16,807156,-466514,-685268,12010,-172185,31746,-32293,-27749,-24670,-4026,blues
17,17,-478436,148692,-300581,-107995,-149194,-17886,-11162,-3392,-2869,-3568,blues
18,18,18538,229955,284668,-106691,-126723,-43965,-37988,-16961,5585,3084,blues
19,19,-1369402,506567,-64594,-31555,-46026,-644,25675,-6229,6090,1894,blues
20,20,-713416,-361286,-268238,5197,-36601,-6771,-29118,44990,9062,-2266,blues
21,21,-612048,1582313,199114,-66232,-63024,-52127,9877,-20549,4253,-11173,blues
22,22,5056152,-216296,109126,655476,59586,48123,-39205,-10676,-3294,-1227,blues
23,23,3382656,-1223571,-1633617,-574981,56846,-12572,-3944,-748,-9690,1210,blues
24,24,-3860410,857424,551239,227964,-54981,5256,-16952,5426,-5151,1167,blues
25,25,-443018,404511,220523,8605,-114736,-38866,-4609,-14993,-76,-3819,blues
26,26,-1400686,672828,87649,89084,83628,57455,25764,36554,12571,7847,blues
27,27,-3400314,-1755672,-323933,717663,308029,34539,65618,24209,21316,6427,blues
28,28,-745360,838849,614902,-4848,143432,11809,29361,6471,5369,824,blues
29,29,-3863818,757433,-206585,65316,-67545,148943,31867,-32115,25545,-10193,blues
30,30,-7728364,767529,-111622,74355,-143603,106392,-98445,49320,43244,-1198,blues
31,31,57338,554000,-49245,88584,-104743,80656,-78841,162044,66794,15235,blues
32,32,-113786,-121752,-96514,-107716,-66677,-113490,-100715,21903,47851,2385,blues
33,33,3734872,-383636,81021,-75149,109745,71306,-132325,-88607,110884,-1462,blues
34,34,-1242774,346419,-324101,-299858,-36290,-69077,-134586,125198,35001,2132,blues
35,35,-4506498,3248618,-67803,325585,-72572,138037,-90901,-17663,19076,-3128,blues
36,36,8669410,-1277489,-256822,-21910,-112112,29669,105078,9501,59833,-5490,blues
37,37,-860910,647466,-87902,10038,8580,92374,3100,-59690,-8240,-8397,blues
38,38,-1312160,-271271,200875,-11623,-86971,-138795,-81722,-156696,-23520,22238,blues
39,39,2057202,-787562,-124914,-17824,-83392,-18957,50162,73978,-14485,-14000,blues
40,40,170808,256881,-530613,-539342,451528,105904,-68407,60269,60211,7115,blues
41,41,-9976010,-1626227,1065764,153040,-73051,38460,182866,101918,-32232,-7024,blues
42,42,-1608400,-582937,201629,38285,-342358,318609,-68314,86162,-16406,3002,blues
43,43,-1621376,-584614,640896,322336,-144813,46278,-144739,18674,-63567,-55392,blues
44,44,-3617302,275534,-518230,63667,280506,-441957,-142116,-60705,-67849,-12607,blues
45,45,-10750106,-234144,-17700,-299836,-61425,8891,-3991,60325,43646,-4150,blues
46,46,-4279656,-209548,-17509,-78392,-2695,-44338,118680,7648,-88679,-7721,blues
47,47,-5742628,621992,-299326,-176796,-173956,68068,36833,72990,26127,6618,blues
48,48,-8695858,516684,412886,-1301537,-263605,5498,-198545,-28344,-19325,11142,blues
49,49,-4399718,-197786,-192929,-71783,68158,-58867,139821,63250,-30159,-7952,blues
50,50,5259680,213368,-562826,306624,-144529,-196284,23694,-125577,54659,-16207,blues
51,51,-4567902,661886,2115508,-1289936,-621891,-325918,162233,-249136,-62916,-9892,blues
52,52,2844078,-351950,-324550,732089,-118184,-98496,33445,7132,19432,6066,blues
53,53,-6389038,-1237931,-601586,-1019447,289611,461746,-162234,-14298,58336,-2619,blues
54,54,1663584,-177589,427989,-318881,631338,-77844,52503,46673,-25936,2420,blues
55,55,6400890,-1111441,-2014326,326764,9995,236725,127421,53675,107360,-9645,blues
56,56,-659580,-701641,471486,28352,-285632,91948,101455,18222,-18309,-10202,blues
57,57,-2121586,587191,-291842,-392032,-229918,171471,-11867,22944,-89918,-18132,blues
58,58,-1136286,301859,193044,-867360,-218377,-172023,154183,66789,92589,10884,blues
59,59,6400858,1320616,-298375,-594719,78993,-95575,145391,86350,51394,38062,blues
60,60,32300,-294033,356760,387234,325091,-232430,34923,130669,-20486,20491,blues
61,61,-1104006,-1181615,-90349,17077,-290226,677475,-167439,188125,-23222,15641,blues
62,62,-1556308,56360,-83685,-83053,20379,400024,467,-156490,55941,-22098,blues
63,63,-2149726,-1175455,-367846,14921,-183104,-501663,132729,44128,-24731,-5406,blues
64,64,4186318,480805,-544432,-212264,5786,165527,202283,-150453,79373,27030,blues
65,65,-5216910,-55742,-315440,303191,187912,24552,163351,113195,-25686,-414,blues
66,66,3836234,-160097,118631,207394,-58481,186610,-183252,110566,-149944,7863,blues
67,67,901186,1693654,-363823,-145952,142784,-323029,-14745,8852,14506,1107,blues
68,68,-3076440,538731,-989882,283888,140656,-151759,143123,111501,30374,-1078,blues
69,69,-3029700,-1976384,1051286,-671211,724806,276979,40824,107547,26029,27146,blues
70,70,-2313780,-404648,-127581,-38440,287749,182325,-128502,106682,20111,-25725,blues
71,71,-5074814,1292856,13616,308791,73857,-111399,-51448,99245,23291,3496,blues
72,72,-4587992,-627400,788515,62928,-67997,255086,-21499,-12164,-4163,-4189,blues
73,73,-295744,3467955,-1060743,-343532,-127138,-431591,65386,-107049,-25014,-53502,blues
74,74,-1710806,118076,-181872,-185094,-197572,-298950,-419203,358741,78135,7641,blues
75,75,-8528592,3616570,653087,206804,-202148,-442885,-72874,37376,10315,-29765,blues
76,76,-14551776,1021827,-1374734,-135187,371627,131611,-251925,67189,57632,-2661,blues
77,77,-1614280,-2087057,-122533,-449419,372679,-46842,26636,-365032,79791,3412,blues
78,78,1148614,866647,1445749,-305622,127557,254742,-108806,3208,195016,-19080,blues
79,79,-1532646,1271367,226265,512339,-24161,173174,-345443,8058,-125857,79396,blues
80,80,6804974,-2492237,-146564,685889,-449991,127355,-46809,-30716,-54712,629,blues
81,81,1995714,-3577645,1310246,-417083,-288872,-257028,23079,-30716,197501,-22212,blues
82,82,2757042,-1314375,197126,-18489,-455818,-317069,112548,77707,-283,-37682,blues
83,83,17976176,628031,936847,-397689,-600476,-366501,-473130,-141557,84577,-5045,blues
84,84,-4651716,1789841,631312,363051,-408100,310364,133386,-142825,77720,14784,blues
85,85,294680,-400842,443136,-95386,81102,-37079,-76558,-18438,-8406,-26426,blues
86,86,791694,-80508,-153225,13088,-100034,-19181,-56789,-50319,26407,-7782,blues
87,87,-3370508,767608,841442,-183063,47257,-148855,-45694,-26832,-18886,-26074,blues
88,88,-1233836,-824643,108728,-70355,67232,-16217,18488,-15015,-16089,-1105,blues
89,89,-766402,106379,-41392,15500,-184,-12753,9222,21639,4686,280,blues
90,90,-169990,361017,-45761,102941,255687,115642,45178,-61240,23401,11030,blues
91,91,-365168,458731,184938,-18394,62039,-32623,14865,-44285,-12832,4565,blues
92,92,-88726,-118635,-228544,158438,9659,-64653,-32056,13800,22527,5599,blues
93,93,-83656,-112621,-41426,74601,11649,24325,-10897,-67267,-9931,-5805,blues
94,94,-242518,-1366060,33611,387148,-71493,-79024,79342,36627,-28322,468,blues
95,95,3833862,-1619695,-515747,326875,-81318,87604,216678,-3660,-68690,-10204,blues
96,96,570598,204720,-215646,-412,85319,-1912,291,1171,-37542,-999,blues
97,97,2713796,1460290,432892,88247,96835,74845,51547,81039,27862,2029,blues
98,98,4071008,78749,-75042,782738,427371,-271097,-114805,-64981,623,-17489,blues
99,99,-494104,1549941,685797,-10710,-107687,163899,15392,-2347,-9399,7203,blues
100,100,712472,196598,-257337,42299,-24990,-20766,-17598,-12122,-7262,-2345,classical
101,101,375692,-130362,-11324,72883,-44753,6478,-12930,-7074,-2354,345,classical
102,102,-35024,225196,-427886,-88023,25583,-31470,7759,-16,313,733,classical
103,103,851480,-63468,-281423,-80875,-109292,1828,-19155,-2512,-10037,307,classical
104,104,1336478,-200765,-163677,-17935,-13544,-35519,18395,167,-18893,-3560,classical
105,105,488708,1095155,-343316,-96785,-16036,43559,740,14457,3780,1147,classical
106,106,2221672,171471,20090,59425,-60523,-15499,-10796,-1374,-1602,900,classical
107,107,-604646,-65909,-33450,67336,61384,-51272,9919,-29055,8134,-1348,classical
108,108,659632,-216230,-236312,147849,-21013,-17011,-9659,-12459,194,-145,classical
109,109,1163312,336222,-44944,-7463,-10021,14428,-2858,8293,-670,930,classical
110,110,-468396,185267,294384,-59878,-13316,19892,21743,1946,1836,476,classical
111,111,303882,194851,119152,15558,-5346,-5070,2919,169,93,240,classical
112,112,-1312762,786332,162087,38932,10764,8752,3848,5658,267,781,classical
113,113,-779758,90516,77847,50373,-25418,-24298,8252,13036,-4097,2316,classical
114,114,13080,273056,-141909,-36218,60504,-1656,7119,-17830,4581,-400,classical
115,115,-683688,188709,174032,29997,39452,-4399,12820,-913,4980,-211,classical
116,116,398792,-7379,-30630,-2203,-2765,-4537,-577,-6138,-1415,-162,classical
117,117,340648,-38963,21518,-94181,3590,14818,5167,-994,-7741,-1411,classical
118,118,-562700,178348,-13567,-13659,12449,-2500,3613,-1061,551,-305,classical
119,119,18574,-28480,15514,-1708,-9284,-2544,-1138,748,699,302,classical
120,120,310376,-262780,215189,-53935,-25355,15466,17584,-4581,172,-1357,classical
121,121,469878,754852,-87760,-4648,-46222,-37397,3349,39831,-10337,-1886,classical
122,122,93778,-403527,-335390,63038,14638,-15131,-8050,261,1485,86,classical
123,123,-476976,-34906,74022,1596,5677,-1116,5963,2536,-140,16,classical
124,124,1980030,-92690,-18697,-35949,64950,-60173,2997,22416,2803,-344,classical
125,125,466798,649162,10904,124806,-88729,-7327,-8891,9517,-4478,2518,classical
126,126,-181088,130689,-10279,64887,-120811,-34680,14832,10649,-1687,572,classical
127,127,-124372,200709,178742,8589,43182,-3450,10525,-3964,4809,-255,classical
128,128,325690,127261,74716,103371,83906,45578,28122,31347,11988,387,classical
129,129,-834018,-266006,-6446,-44246,-34328,2951,13738,18022,-11808,-169,classical
130,130,-808148,-472135,115486,-63905,20862,-3025,-232,-4321,3854,-948,classical
131,131,875772,-301692,-146695,-4001,-14923,1190,1658,560,-2641,25,classical
132,132,-102570,-114345,-12007,-9144,-5184,-3221,318,-1700,-120,-136,classical
133,133,854990,-46883,17994,-30243,-20966,-4630,-2102,-2476,-2025,-304,classical
134,134,-937494,521918,213650,126618,50750,2401,-324,-896,3745,1973,classical
135,135,-998588,-25319,-113157,-74849,23858,6531,-6821,-1869,1300,2581,classical
136,136,-4748,-135381,-35627,-7644,15468,928,-992,-832,-402,0,classical
137,137,982836,-789152,180909,163753,104061,230,-23184,15646,4799,-153,classical
138,138,152370,449281,-285611,51546,60903,29151,9555,1141,4125,1732,classical
139,139,612198,46185,-12622,39725,4330,2061,-10238,1370,-4730,2007,classical
140,140,-45728,195832,-82976,41150,19131,6682,4212,3227,-1316,1314,classical
141,141,75260,426804,90327,-3979,-34440,-12658,-17414,-3415,-4534,-443,classical
142,142,-2399518,2489970,-373491,-146278,-119040,-97536,-82198,-3851,-9911,-9727,classical
143,143,3886648,406719,92686,77960,-11838,-33448,-10949,15926,2862,387,classical
144,144,-199776,15879,34049,27093,32688,-3967,6423,4594,1324,-1099,classical
145,145,-4530732,4085616,-632781,225623,-32756,104543,-662,38913,3068,9583,classical
146,146,4067304,802240,-1087229,-13436,-288693,198427,-27744,-17518,-6364,2212,classical
147,147,-931756,-24645,10959,18981,-1975,539,-671,1486,230,457,classical
148,148,-666652,-847776,356634,-363405,522817,353537,101257,-31005,160324,-18087,classical
149,149,85450,719004,-15885,11696,-437287,43205,6831,-113583,31777,71108,classical
150,150,177542,96708,21328,-9133,5336,-268,692,2953,-195,134,classical
151,151,-490432,139347,-347376,-127689,-195168,64663,-35717,-10298,18796,-44102,classical
152,152,-1866680,-368905,35554,50760,-5620,-168917,-175158,66062,77805,79062,classical
153,153,-1991320,749761,311491,-140064,218049,83646,-103362,-6365,3156,-10688,classical
154,154,-6372772,379717,-387797,-640084,-155551,-699,-75917,-28704,8318,-26282,classical
155,155,-222578,-54483,3783,-11555,2327,-2200,1287,-1485,530,-170,classical
156,156,-6162658,974966,7966,-323696,233289,109601,25844,82040,-35527,-4499,classical
157,157,415196,19006,58137,45496,12364,-7735,-5831,-640,14827,-7565,classical
158,158,684878,-169339,-264523,-15084,-45778,1497,-15751,-1535,-7013,-1001,classical
159,159,-64014,-454402,-179680,-122577,-59325,4948,-34126,820,20368,6386,classical
160,160,-2036252,-271683,-600125,-22233,-58603,-114973,63721,-61279,23820,17271,classical
161,161,-1432644,-178646,248407,14231,-18316,-81460,-81,-18535,-3452,-3216,classical
162,162,-1626200,-26549,-365122,9739,-177545,-18710,12688,13187,46419,48168,classical
163,163,-1243288,-113784,10031,-3998,2071,-1711,591,264,195,-62,classical
164,164,-1082590,-60352,22507,-4918,-1906,3226,2892,-175,-104,-161,classical
165,165,-488212,37245,18036,-8405,-2787,-4152,1096,-353,864,-521,classical
166,166,-1425276,86823,14662,4338,8059,7877,1387,-131,-78,986,classical
167,167,-110480,204290,-93183,1140,-7651,-6732,9610,-3966,1379,596,classical
168,168,2650220,-146409,-128419,-62082,-32328,-1959,-15220,6878,-6660,-3821,classical
169,169,-617808,-32227,27095,79493,-1012,19710,926,4307,4237,-165,classical
170,170,-2080602,-217721,-29569,42657,-27157,13541,-6495,2474,-3375,-1551,classical
171,171,-640816,1014773,236141,61908,32906,18389,631,-2798,-714,-8695,classical
172,172,-1137992,179769,-68852,-16147,40562,-8057,-971,-3137,981,1703,classical
173,173,543924,147204,98000,-57282,52987,629,9644,-1899,1429,-5920,classical
174,174,-557908,-659401,51579,-98550,20346,13647,10038,-4178,-1267,323,classical
175,175,12808,-36753,-55547,44536,11932,7409,-2474,2540,-1048,191,classical
176,176,-995714,-196748,132576,8348,-11669,82959,-36020,8256,-7315,12563,classical
177,177,-151374,-141369,23111,7221,5134,-8878,3223,1758,151,208,classical
178,178,92318,8797,3568,1102,-39,993,-221,78,-1,-8,classical
179,179,388188,127463,480,9711,-853,6059,-532,1774,-187,472,classical
180,180,-135022,-26681,4585,4656,4857,45,575,28,27,16,classical
181,181,118998,241787,-80167,-12223,3961,-3702,-5997,-2233,-1239,-311,classical
182,182,-710814,-26140,-180526,255938,73506,-3204,4194,11035,-1556,3346,classical
183,183,-369178,923813,-8752,81186,2206,18754,4242,7617,2176,942,classical
184,184,213896,-88273,106858,-47878,18932,-2456,2291,453,1642,-181,classical
185,185,763504,580586,-133265,-81749,-67633,656,-3384,14532,12750,3302,classical
186,186,584770,-94630,5403,-166820,12340,8800,-7390,2895,11654,28165,classical
187,187,-894412,-145955,43274,-17775,6119,-3626,3254,-3955,233,-1399,classical
188,188,-436202,-120061,21867,-87276,-55174,-7485,-3662,-13331,-4778,96,classical
189,189,-907672,-896301,-211363,187615,30576,10934,56900,22777,-5735,2574,classical
190,190,-1489296,11201,134540,2158,119380,-33751,29568,23967,7099,46,classical
191,191,-907572,-547332,563741,478620,-104656,115115,25712,465,-14696,6859,classical
192,192,-846318,218890,406414,362996,-63453,-87560,1101,-47788,-2197,-6181,classical
193,193,526314,855156,752582,-80308,308380,2225,-5501,18823,18648,-11081,classical
194,194,-1349220,-110887,115435,-6773,6033,-2600,3250,1187,1306,-111,classical
195,195,-1445532,81296,-127057,-91482,57885,28902,3551,-2515,-3653,-911,classical
196,196,-1912640,439744,-728176,-106436,76351,-41547,-70356,36701,5514,8458,classical
197,197,-1057618,416986,-193442,-144,-27727,-43843,46714,7703,107,-2068,classical
198,198,-1029538,60392,-99219,102605,160038,-4653,32754,34893,-3023,1603,classical
199,199,-802846,61323,38767,5835,-11164,-15672,-592,3240,-4211,259,classical
200,200,-2793872,701121,-23449,-1726969,500497,401736,453101,36580,44005,-195759,country
201,201,-733316,2077330,-418234,953885,-8211,-271896,-461,-134691,18297,-61757,country
202,202,-753586,84645,293364,390622,-183997,55761,165742,-23236,50947,-139538,country
203,203,-2748590,1696577,-879111,579825,-230984,82638,159834,362728,226733,-243028,country
204,204,-2620396,-561863,1286433,38516,-522318,-381009,444403,405641,253220,-18549,country
205,205,-1069180,-411005,-1661632,413878,100124,-191543,522363,-318731,-347333,62635,country
206,206,-1622120,-3139212,35521,150568,-554064,213840,-577982,25505,156028,-26188,country
207,207,-6168294,34313,26643,-319290,-19599,-461660,-370092,271309,400038,-123842,country
208,208,-1818206,-661425,-2582773,-108876,517441,206578,32934,-72125,599086,-50587,country
209,209,-184166,422391,-1183479,-954231,-664996,185987,-292762,402941,1121023,71923,country
210,210,-431144,170961,418325,44019,73857,-19334,-49265,-31761,-13734,-21614,country
211,211,905554,-1190705,-724811,343022,-58364,82368,40431,-152860,-96795,154345,country
212,212,-1435416,1487930,-835,34162,-343442,-84567,-84054,-87343,57215,-34024,country
213,213,2342984,476169,153238,-283241,-249938,54367,-13906,43656,231013,-17808,country
214,214,-669208,-626119,-290294,20986,446853,51966,88078,175892,-88654,-266147,country
215,215,-2597148,-763111,514795,120239,98520,46868,54449,91072,45843,6662,country
216,216,217614,316262,50703,-286086,37295,-20325,-20425,-31820,-19321,-6590,country
217,217,-4606008,-634125,162862,215944,-51226,-4436,82686,-2575,-4540,-27807,country
218,218,2495462,136991,-581885,-181461,-1277,-16101,-41292,49674,-60451,19156,country
219,219,1180722,241998,730501,255397,-31708,-1300,-9597,-5598,2420,3634,country
220,220,-1502120,-333774,6856,-141450,-346643,-439139,-320279,423864,-9003,-44370,country
221,221,789980,236717,443244,86251,24718,54171,643,3167,-3300,6001,country
222,222,-1237544,535497,253168,-40913,-133423,126101,27476,38483,-19200,39139,country
223,223,586850,255432,-44096,91934,-26172,-6681,-16005,-20712,-35491,18662,country
224,224,540116,39956,32870,-27594,40606,-44640,5680,107650,5303,9213,country
225,225,-670190,451827,93492,-20731,-68572,-159571,27417,5049,12910,-2987,country
226,226,-1005390,-84249,35332,-175205,167190,-78,63288,-30878,5356,-16491,country
227,227,2083240,-667739,-591525,247793,-32579,-138683,106955,84310,16257,-40852,country
228,228,232772,-86122,128930,204802,-42616,-119565,30357,-9387,6706,27732,country
229,229,-85836,-639945,247602,-320144,31459,-18891,-29164,-30881,-3643,14117,country
230,230,-42410,579691,-18324,-12868,-35993,27737,-10012,-5176,-23395,22348,country
231,231,292122,800075,-335380,-164037,76438,-172941,-32026,-149544,-91310,29307,country
232,232,-750426,638574,-59077,181594,82866,-82976,19710,-1637,26899,8485,country
233,233,613308,406448,632897,-83456,-790151,-224406,-108355,-78012,-59929,-837,country
234,234,-397872,5993,-293929,397595,7994,-69847,70266,58318,73138,76334,country
235,235,-495302,109902,-206877,-10079,75951,14604,59848,71723,-138529,-17897,country
236,236,210234,-131990,189268,-97078,36101,2726,-114,-36629,6452,-3885,country
237,237,-84328,515348,199932,34285,-125240,56948,-11794,-4593,-18710,-447,country
238,238,-2428084,-794405,476810,258595,-330067,-122784,-41168,-46214,3104,-121362,country
239,239,4925752,-360756,59000,454205,10989,-417785,-165881,20621,-328055,-62401,country
240,240,722298,-326729,23711,-200192,-257352,105112,-77687,-94817,-126473,12831,country
241,241,6669500,86505,-831204,-181480,262578,71564,71892,14818,17828,130354,country
242,242,2599118,-63352,203521,-193965,30427,32831,-127818,-111763,-70021,-142386,country
243,243,2430724,179209,905129,646124,-169404,42622,-85615,-85319,-62080,-13439,country
244,244,9280,1022939,85011,37212,-66789,47275,-73643,80652,70876,22414,country
245,245,-1222474,1036653,-46834,398916,119312,-460613,126401,-16599,-118448,99836,country
246,246,1076404,886607,-1044647,-124029,388414,47498,81739,-82454,-30192,-53,country
247,247,857846,-312108,-406364,-263392,-52854,-120788,-20563,-21660,13507,-12201,country
248,248,814328,-457020,-57655,-167654,-185521,5294,-28817,53125,-21436,58228,country
249,249,-1662038,1590752,1115363,-172639,-70156,97762,-63575,-70127,-26998,-4319,country
250,250,4362600,977510,-396472,-413654,37490,61217,-82719,14870,47880,-24209,country
251,251,1617608,616852,479766,-232668,183252,-188329,-12870,-16098,-6453,6038,country
252,252,73964,-1315365,-370673,-130002,5350,-56280,2010,-61,10571,-1043,country
253,253,962852,239658,-602012,99860,61048,57026,-276672,60597,77049,-36025,country
254,254,-4180860,838967,-179026,376669,-183784,9478,-21905,-112345,-41235,-17821,country
255,255,-1427090,1053739,609268,37048,273077,-2111,-195005,-202715,113712,2436,country
256,256,1529440,-1189047,-103525,432698,-19883,33947,76200,106717,-4411,-5418,country
257,257,-2897534,1204124,-798370,-413568,-82704,-38679,-28049,-40953,-12785,-15651,country
258,258,518104,471401,-6913,-272838,58137,-33035,70896,131954,139340,19014,country
259,259,4363982,-248917,-1460434,147860,-65409,107049,-169882,-27723,106739,13193,country
260,260,-8493706,-1063469,57768,154670,-173213,-291282,185632,-102442,-9756,6146,country
261,261,1837078,-1204089,-662231,-122136,114640,-63877,-170301,-38181,33436,-571,country
262,262,-3165522,-2638323,417264,-33679,-341433,-119724,-263044,-91519,-21739,-1123,country
263,263,-6344474,914201,-59787,-332048,207922,105405,-85059,-114541,56689,23876,country
264,264,-1790570,839541,-40054,-2244,72431,-135501,48261,-50349,-802,6496,country
265,265,5281134,-27937,-7404,74699,-88617,892,-39216,3798,-26890,890,country
266,266,9456520,-437270,-960189,116240,-411411,-55445,33836,12449,-71327,-13131,country
267,267,302506,-2287,-100587,-43296,46015,-22071,38858,8882,2830,-5836,country
268,268,-1187800,373121,334554,-39512,34421,-46635,30069,-47661,1366,-4857,country
269,269,3819518,-679353,-425990,-313171,-38596,-37812,-17759,-42941,2123,-331,country
270,270,4032584,566555,206783,502257,-149576,201526,-82209,43633,31510,20571,country
271,271,2836468,-306424,804512,14725,83944,-115406,-74063,-59104,6851,9039,country
272,272,-2103884,1004789,567169,-201636,-120388,-177323,41890,-73644,21407,-15647,country
273,273,1318130,-641225,37019,-329356,216850,31804,40347,-37028,4642,5142,country
274,274,4637590,-288226,-502274,-176746,-295586,-134824,-100320,-35573,82130,-10168,country
275,275,12308,771984,679337,-586207,424570,409893,192751,-20906,-41546,-1567,country
276,276,-4873318,1716937,-80510,274427,150410,-222565,111531,-17855,39670,-4281,country
277,277,796174,89155,923684,-16782,-380279,-3148,-87083,17179,923,-3225,country
278,278,-873550,-261552,149613,-118373,121251,63157,-12560,-96124,29488,439,country
279,279,-8767024,28053,515166,100405,-143322,69692,-1394,15074,8043,7716,country
280,280,-1768974,-840211,-1266279,580039,-49750,-4546,-48617,120024,134256,-1306,country
281,281,-216220,746745,-68686,-1194373,482539,-65733,122161,-292427,24746,50000,country
282,282,767570,-94213,-72048,-190290,259424,-280189,461660,-87685,125289,-14906,country
283,283,1226044,-344736,-118096,-276115,-91811,-35819,-11179,-17058,40525,-8131,country
284,284,8174368,-1879864,242270,623469,-394385,160216,149989,153950,-108228,-21347,country
285,285,-764318,973083,-333944,-10102,-58223,-114054,112769,-52080,36603,12821,country
286,286,-1526620,211378,-18336,-70581,293004,163391,63718,-91772,55073,-2026,country
287,287,1053356,-14966,-105116,142267,43855,-86790,-135620,-40516,-47432,10483,country
288,288,2336358,-1491773,123395,602138,-276291,204636,51467,-59568,-49507,146,country
289,289,-1709310,228685,172799,-190352,281841,66293,81961,131967,-9552,-4730,country
290,290,1259470,923904,-438263,-205122,-151028,302493,-69488,52088,-29524,38575,country
291,291,182064,-642026,-476452,95269,-133291,21535,20871,-25380,-12649,2748,country
292,292,6150170,1304212,-108125,-159143,-652918,-286804,-281633,-87066,-130105,35240,country
293,293,636140,-629550,99595,253811,184888,5114,11125,1713,14829,5846,country
294,294,3654604,-422118,-392303,23622,104091,-53864,87435,79163,-5018,8369,country
295,295,-2499582,-2097333,66374,267292,-335236,115750,-239268,-114486,-18628,-20210,country
296,296,1422338,311463,39722,356097,-120547,-147780,72624,220674,-104657,-16189,country
297,297,-3819888,180768,-674846,-495961,24714,-389723,2452,268855,53961,-20407,country
298,298,5954232,385040,-202209,-469186,-7200,133676,165247,55503,-66276,5526,country
299,299,-106652,1036250,972040,-123400,-534198,165132,-235064,90992,86736,-18133,country
300,300,-793842,187764,241758,-19507,121487,147823,-116243,-5171,237779,59638,disco
301,301,824242,-535851,1485164,206719,150958,157687,-20241,103769,13573,5839,disco
302,302,-8176070,-393417,-514313,172135,-77479,-3544,-153687,39438,315796,73583,disco
303,303,1349552,-854469,-69645,-103012,-903178,-126852,-280954,339190,-413286,-42445,disco
304,304,2314626,735229,517420,250866,-421980,277661,-126115,-4247,8713,247331,disco
305,305,-7726906,-1509803,-974172,626057,238292,460171,-345417,-337466,94067,-138510,disco
306,306,-1438796,-444928,326713,1071146,471151,97963,416313,-114854,27521,-235000,disco
307,307,-3771026,-156458,416970,-699157,625056,834207,59873,-61922,79024,157059,disco
308,308,-724798,-782062,543028,389402,141503,264021,106422,8461,-4989,-23968,disco
309,309,403266,-315420,837679,-95325,67568,148013,-438625,135320,-27465,-18120,disco
310,310,-4315834,498440,1226068,971576,-122773,130894,-21078,101293,-186924,170666,disco
311,311,9615678,789846,-525242,372583,-620849,37244,-165376,91254,187030,-97234,disco
312,312,-809978,-2140757,470739,-369001,-570775,310962,17551,332675,-21559,31065,disco
313,313,-656958,96924,68320,492797,595765,29046,147762,-110154,42728,-56735,disco
314,314,2863842,251228,268320,-517105,-633458,-236429,-118204,-52895,86414,-103685,disco
315,315,-97060,-90131,-479128,343054,478704,239250,196432,183001,58427,36083,disco
316,316,3916756,-428843,1091039,-159580,-355973,-407383,-104258,-129034,9775,41223,disco
317,317,-3001950,-409149,-14334,-54854,715574,62499,-178157,-174176,-197634,97155,disco
318,318,4127528,-1266103,-641927,121471,-169654,224978,146388,228386,68246,-79329,disco
319,319,-580958,-510365,-520639,299497,-268983,67794,226909,-54074,-195453,-10912,disco
320,320,-938860,-635710,-306397,243879,-167702,80195,280640,14536,-93095,28783,disco
321,321,1689906,682153,-149864,-81527,-77817,115505,214495,102594,92566,-73954,disco
322,322,-220948,-785151,-266721,-228618,101861,-14427,-186141,199567,412456,297482,disco
323,323,-4599354,-1199652,-200434,665240,172602,6560,142466,395518,127115,-177333,disco
324,324,-1550034,1199133,161104,-53150,191886,-261918,-163339,-129882,153792,70337,disco
325,325,-3636154,-796070,139331,268776,176723,179515,-83950,151753,-14096,-57931,disco
326,326,3385064,-903016,-243251,-336378,-434383,139237,-286280,315044,102995,-42673,disco
327,327,2552642,511484,2112,-194388,-93470,-46191,-135013,91698,-108408,-21768,disco
328,328,-1278172,1874198,1006139,-274569,161685,583354,368528,667137,933553,787363,disco
329,329,-4292580,-980987,-853223,-534702,-98780,-48784,-116548,142976,246959,-342595,disco
330,330,5096326,1026693,-646289,-581315,-398228,-377440,-351710,55462,-503841,-210106,disco
331,331,1332708,46556,-544346,-359730,-654589,-6038,-165134,-117792,-175758,174520,disco
332,332,-3469448,-554036,-485961,612545,160015,-56174,-88300,130684,-57493,130308,disco
333,333,3802508,-16770,144447,-831352,-486819,-37763,-273613,-258332,-663,44415,disco
334,334,-87394,-164297,-438429,264480,608468,-151203,263652,-147154,-460124,-103089,disco
335,335,1132270,34439,-518430,790721,281349,-79270,-549708,-500756,-8395,-124108,disco
336,336,258608,-1876300,692975,-146666,-766023,-27669,230282,495532,198016,-340797,disco
337,337,449100,-85144,483414,1284860,-910839,-120574,-305510,-197721,-416502,-448023,disco
338,338,2709508,1127151,100277,85785,-289644,-277445,60837,146861,-54633,-54369,disco
339,339,2197864,1673951,-517486,238982,93777,-21776,134260,20655,-52665,-34919,disco
340,340,-861266,1033595,-150030,83407,293816,114667,-140231,-9183,44432,-112168,disco
341,341,-2350108,680660,-164265,-291028,193439,-60577,-8616,-77748,79454,35338,disco
342,342,-3088766,1568370,-262649,-551436,23666,-68185,215112,-85811,-91225,110692,disco
343,343,-6730286,-325164,-909609,-60166,624188,-275435,352436,503794,-162289,-305538,disco
344,344,-5103208,972980,1289680,28622,-88305,-453931,-9674,47364,-189745,73604,disco
345,345,-3567230,607668,423944,-333401,85184,54148,6468,-192074,-1085,-159391,disco
346,346,43954,-788121,96549,330939,-34430,-120198,-61728,-195325,-54776,-29397,disco
347,347,137024,125803,-409068,46470,31491,-33138,-41030,-13907,7666,-1904,disco
348,348,1541714,538135,-750333,-538004,-57160,132647,7334,126302,42778,5588,disco
349,349,-7328172,3030712,-55644,180785,-115572,85891,515171,226285,77727,-43020,disco
350,350,293256,1734312,-352520,-203038,-217059,175912,238618,199336,7948,21207,disco
351,351,3425400,58375,-172810,-273565,184315,219970,30186,-284249,-28034,-23992,disco
352,352,279786,1326419,-154520,-164836,-538546,57510,335985,-328821,-9938,11494,disco
353,353,-1193534,-609507,444443,-517883,2341,436164,-182813,-110449,-104157,-30087,disco
354,354,-273920,88520,169124,196287,105677,84983,223710,87646,40318,-8497,disco
355,355,16562974,-135893,-380782,-40262,198671,55377,291977,39488,123126,29039,disco
356,356,-3098252,356516,62146,56567,-116787,31696,2722,-75575,4470,-7300,disco
357,357,-4383838,75677,-27200,-161495,-1406,-37021,41380,-44319,-7218,-3255,disco
358,358,-2320528,689716,-242620,-445568,311308,-177133,104747,-53731,136500,12059,disco
359,359,-2220768,1093813,-287368,-409075,4749,295299,140591,255099,-53505,-9598,disco
360,360,2321130,-24064,331460,200131,69089,29199,126906,-63750,-108527,-10808,disco
361,361,-254674,-494784,1556285,-212462,557143,421913,15221,25917,-94930,-18230,disco
362,362,20200,-524966,-25914,35252,284069,6006,-25460,108319,-29147,-4595,disco
363,363,64792,-174779,1844,-757837,-383282,-77507,434225,-39073,-651,202728,disco
364,364,-7605982,-212798,209584,-86992,-18492,7348,-93259,-49156,-24594,5197,disco
365,365,916056,104030,-616586,97085,-75291,-371842,22407,80497,-43638,-7307,disco
366,366,1286216,-1504277,-230650,765482,-378991,83865,54554,-310215,-29129,-38180,disco
367,367,1063636,-741448,173619,-209800,128567,-26174,68652,122512,89011,17805,disco
368,368,2599990,-1103424,-275608,99998,-632547,3594,487115,488382,-145753,-7680,disco
369,369,-30424422,1250659,-265003,-398005,-11737,-15993,65255,18450,-11177,8098,disco
370,370,3114208,69403,262593,-47996,218193,273187,-21253,14679,138244,34456,disco
371,371,-348602,-431875,494183,625876,-209939,359267,73238,-171683,-44741,7688,disco
372,372,-1411312,345408,-830793,-191205,-43166,213740,116117,-116599,-89574,-8058,disco
373,373,2779276,-1395382,261240,550861,-150478,-298798,63429,-141555,188634,-25254,disco
374,374,2996536,674461,-1000472,-572652,129249,-547533,-355799,10797,188696,4240,disco
375,375,-1576314,1424608,-526893,287921,284838,-103656,23147,-58850,-19886,-15392,disco
376,376,2499050,-1092881,112348,65912,-215624,-83009,145505,-29320,-1506,-17923,disco
377,377,8573474,1067688,-30675,-295888,-286519,-230303,-146773,-443638,179131,7406,disco
378,378,-3171126,-229539,-129829,35974,-22456,-76742,131178,-40433,-37959,8441,disco
379,379,-1290170,-485755,57485,-341867,-72900,2671,-78918,54940,4980,-15785,disco
380,380,-8822470,-286813,-155685,111066,136628,10309,-196041,61189,5725,9431,disco
381,381,10274,-697495,293944,-7826,70754,151851,153239,71580,31465,-8631,disco
382,382,5006172,-555555,-84771,279238,2344,573886,231000,141109,28086,5146,disco
383,383,831134,-80839,165974,-134783,-28057,82403,184823,-5229,-62904,946,disco
384,384,-1365122,-570114,405448,535933,266338,16961,-263841,-84006,14480,543,disco
385,385,-764222,697684,-315963,-279862,65903,-253372,-86048,34975,95598,8322,disco
386,386,-8345074,-1851695,433873,-173473,-40070,-29848,-64069,265061,-70002,-44098,disco
387,387,2251982,450745,-264552,-71140,-93558,87221,-135123,-23984,40979,3738,disco
388,388,2627432,-1774381,-303675,249126,288713,275028,201522,24241,-44923,18987,disco
389,389,-1755460,565185,342310,-252275,43925,-11205,-98053,-92240,-23024,-10627,disco
390,390,-227304,-49335,374632,-455421,-132426,-309714,48878,140793,-3726,1507,disco
391,391,6822464,752389,-109946,711269,-724048,-330521,71186,-501559,-76084,-269898,disco
392,392,-2931952,243705,273190,56675,196206,-231304,39663,-37306,61195,9780,disco
393,393,-2041172,505557,-1101026,324010,199812,24693,229724,-11520,78100,-11914,disco
394,394,3598406,-400399,-254311,-46990,-254373,-42735,32991,58508,49803,-10870,disco
395,395,-681496,423817,-9915,511568,17911,25228,-68838,-87680,79307,-1554,disco
396,396,2113822,-465690,-104774,168129,-398053,-6386,8747,-37429,-22843,19622,disco
397,397,-1146872,-265679,246748,-437656,31297,321475,-101384,90992,230461,32183,disco
398,398,2307258,276547,-404002,263558,54561,-106034,59354,-235875,-26411,-20364,disco
399,399,1692230,-892552,-441251,-368547,-86665,-80172,-124203,162648,128188,15410,disco
400,400,-16291524,-900377,158498,1062535,-832690,372047,437776,-51663,-7736,-20195,hiphop
401,401,1668406,-839153,-90429,958360,-119821,349302,-159675,-291593,-290246,-77599,hiphop
402,402,-1413028,400030,46476,20787,99648,-97418,61724,57044,2982,9636,hiphop
403,403,877808,322526,-2798734,-213668,884928,-287833,675605,-132719,-178739,-62170,hiphop
404,404,-869140,1380901,57757,-52397,-532531,-230756,-70957,365599,-190615,-158781,hiphop
405,405,-10870174,1580224,528102,-71961,-472119,416032,-407428,75387,227752,-215396,hiphop
406,406,7098530,2170739,-188128,-713057,247707,668122,-611281,-692954,-262741,-19584,hiphop
407,407,-11387442,-1162394,-603057,270830,73953,22859,253717,-154955,86551,-83079,hiphop
408,408,-2017984,417060,-245916,-498767,-299292,-157918,-339275,-94767,-109202,-8488,hiphop
409,409,-4340146,-113572,362837,-435805,-480459,123430,-38484,-29447,62885,-7168,hiphop
410,410,1801066,-694260,1952541,-652924,-61921,391719,38256,-141293,52316,-11077,hiphop
411,411,-6860352,-1735330,252200,-175103,252725,-251723,-186548,-14394,-225471,1583,hiphop
412,412,3186778,-757369,510865,-497798,-222339,89627,-147014,-79874,-80797,14288,hiphop
413,413,-4874782,897979,1018909,-202533,160725,-150423,49473,4676,-16213,10999,hiphop
414,414,4046658,78341,-1081142,672826,804220,-147349,-153680,-120553,-28870,33703,hiphop
415,415,-3209500,1825294,797851,-215425,-170955,233819,112782,-140029,117014,5642,hiphop
416,416,1029558,1732061,427060,-380527,-194246,245188,-128840,-18577,-121107,60543,hiphop
417,417,3624876,1911755,-940148,49457,-591731,-179850,22049,183669,-22681,0,hiphop
418,418,2381690,-286116,205486,68534,243042,-626945,-281118,-129214,206572,-22078,hiphop
419,419,-737670,1030955,1205855,-393085,-549274,-145572,-471603,243415,146096,-498163,hiphop
420,420,2916618,-406613,-441187,11787,48546,-330540,-252416,22531,52847,12308,hiphop
421,421,1354282,-293023,-478452,188955,390378,26840,689512,345527,-148624,-13,hiphop
422,422,97602,-630531,-366675,437466,142874,-44726,-187609,112195,7529,-15796,hiphop
423,423,5233828,468899,831118,62886,-74640,70907,-198628,-9411,-89130,-4594,hiphop
424,424,-5527220,1197827,-440221,-884371,-500305,-100540,777903,-95902,-471431,-1625,hiphop
425,425,-7342434,-1757859,259587,-471931,743984,-26314,-4148,-134712,3787,24627,hiphop
426,426,-1642512,358154,-25789,443061,72375,-193361,158370,-69210,-149514,263759,hiphop
427,427,-2655780,259029,153600,142089,-125704,-235242,357985,-227988,-32154,-22607,hiphop
428,428,4388178,-639243,266081,264017,-397322,-213875,-27013,19995,-27041,12070,hiphop
429,429,-252954,-838464,-745321,317149,124928,342857,18427,241020,-21747,202953,hiphop
430,430,4185364,-554476,-286455,93009,-598808,245169,255097,383029,22871,-153991,hiphop
431,431,1262474,-1322365,-173082,946381,-123328,162782,-55672,136756,-102485,-500303,hiphop
432,432,-2950480,-9068,-16426,46896,273821,-60668,74663,33653,69409,-11149,hiphop
433,433,2702450,2576856,-6915,-1071432,-47761,-597092,-69484,416717,238536,121320,hiphop
434,434,4468736,433540,-917247,-809227,-849925,549808,494799,-118868,40964,278600,hiphop
435,435,6503418,316055,220217,-26914,352887,222073,-344289,-68952,60754,31901,hiphop
436,436,-1202358,-156194,-267583,-129827,278467,344987,70224,6833,122589,173782,hiphop
437,437,-5315490,550922,1050547,181014,830032,195662,340526,-35747,-227018,-35134,hiphop
438,438,-5767274,945277,-1083765,332551,-177945,112997,80812,36322,-164877,59078,hiphop
439,439,-8244590,-1450695,1102503,53824,-291266,-66591,235072,-43017,-108439,-334975,hiphop
440,440,1825132,-398904,-857903,-202327,-91452,-75845,-870,416026,171174,331277,hiphop
441,441,150580,535964,-569859,-38994,393867,-603672,-131334,-90401,132485,37417,hiphop
442,442,325362,-68060,-624637,125584,-62123,240775,-503650,158597,590706,-35372,hiphop
443,443,871882,4635,122078,-459743,-56671,100201,32091,360,-106824,-148910,hiphop
444,444,-748098,188577,-130288,-136531,105334,23736,27418,-30884,-3713,30736,hiphop
445,445,3084754,-963364,-811611,42451,-164230,-81491,-64014,-65922,394418,115022,hiphop
446,446,6237470,404756,836357,-26479,-297855,-179947,220383,87718,-137538,-131725,hiphop
447,447,-1016436,1361714,181597,183576,469500,145860,26740,-733478,-77696,57734,hiphop
448,448,-9152958,1794938,362622,-25240,-463158,267431,-240127,5871,188651,57271,hiphop
449,449,-975714,242910,464262,-1417771,654206,470489,-436410,151589,406704,-12911,hiphop
450,450,649050,710730,302394,-254865,-202002,115917,99904,-6986,20642,-103298,hiphop
451,451,-1208228,-162367,702269,76412,-692335,-371527,-637968,37830,119404,37539,hiphop
452,452,677042,147376,35090,41552,-359536,-76340,43413,115317,213498,-72260,hiphop
453,453,3287354,720330,-424559,-1002,-172674,-147413,-186441,-310140,-477237,-114649,hiphop
454,454,-1760094,65575,-212457,31835,317935,1997,-183022,-172078,-67253,113623,hiphop
455,455,-3313722,17155,-131209,391839,-7797,-910,-130658,105786,-9200,11592,hiphop
456,456,3443480,-472987,-240098,-399235,-199279,113161,192001,-26745,112153,22742,hiphop
457,457,-1432564,525158,148229,-223181,111775,66034,87891,30228,20139,81786,hiphop
458,458,-2272294,-835427,566866,-231088,-112261,-152324,-37082,45110,-18669,-83226,hiphop
459,459,60946,-557538,276212,16295,-10857,-115472,-24180,35581,21731,77965,hiphop
460,460,-130834,233983,309371,278892,360887,101154,30780,15761,-18456,10255,hiphop
461,461,-785740,161373,413095,561641,3878,-85699,-57570,-48596,23068,-3525,hiphop
462,462,-6424784,29470,78970,172636,328712,30772,155338,-176119,196866,-155576,hiphop
463,463,47656,4977,-1610343,917867,161083,289952,-13147,-98000,41513,-7086,hiphop
464,464,1423008,906484,-952076,-4035,-96242,-428952,-6308,-27228,14572,-34850,hiphop
465,465,4879406,426047,-74697,4704,250408,-122969,-241297,-417252,-48320,-109095,hiphop
466,466,-1981862,-129613,-46822,-312157,-357915,-64030,140181,160640,-52375,17436,hiphop
467,467,10182784,685628,223719,-283401,-615040,358825,184822,304870,-142237,-75410,hiphop
468,468,-155872,152,165528,-642113,-950301,375997,227161,344212,-213423,-21240,hiphop
469,469,-1707736,-614395,-108078,-832131,-545035,-419855,522974,-513149,61041,475254,hiphop
470,470,3564106,-723828,-141498,322061,92353,-60682,-145872,-53031,-645153,3623,hiphop
471,471,9089344,-590064,17244,-465713,112787,-280411,-138262,-68923,-62140,235420,hiphop
472,472,4480674,-313982,-267277,453987,185108,-39156,-291792,69369,80573,-45605,hiphop
473,473,-408204,150806,1128755,245407,628278,-27406,-371703,-374212,43121,61653,hiphop
474,474,-4118432,-668511,-884597,482660,-60101,419121,186931,-307246,91745,-54590,hiphop
475,475,-4439850,279185,80939,-523700,478830,480575,195008,-183887,-397090,219688,hiphop
476,476,5214910,1519092,321269,-143326,-139254,47610,-147927,-61676,-43734,208267,hiphop
477,477,-2192230,991709,345220,-651770,1367579,-330627,346215,693120,-611010,-667782,hiphop
478,478,7802670,-636943,-38847,395648,102484,58246,263647,-175281,-91821,26214,hiphop
479,479,1407884,1077080,43556,-472908,-301630,-190184,-320015,136866,504368,45137,hiphop
480,480,1429570,319075,-485574,263945,348010,346180,94320,-368615,546660,-229550,hiphop
481,481,-632134,342878,37322,174054,-117985,74883,-80403,23880,5945,-9967,hiphop
482,482,-2006814,806161,-353218,-231367,171786,-148794,50463,96069,1586,25362,hiphop
483,483,-4092236,-316046,138241,383381,-107064,62275,-125364,-9220,-92803,44936,hiphop
484,484,-870606,-266383,396552,201732,-111498,48504,-93504,-37920,-9214,5808,hiphop
485,485,-1821598,858149,-511921,-80989,-6445,91179,53871,-6080,75987,164,hiphop
486,486,-999510,123376,22789,-118782,-67380,151110,-46701,-50474,21009,2281,hiphop
487,487,-342246,-379189,-175253,-40112,473763,134009,61284,197761,17114,9480,hiphop
488,488,4033944,632115,470608,650305,385405,80932,-165645,144159,32403,-24995,hiphop
489,489,-4014900,-457015,-157759,-560792,24448,-108813,-319269,-22547,92403,40829,hiphop
490,490,5611630,-292041,-155101,318530,-54280,70754,-103543,160378,-50822,-941,hiphop
491,491,-2463456,163001,276585,-724153,29299,251896,241110,-53639,3322,16504,hiphop
492,492,-1444104,76641,255607,24047,-231964,51785,35863,-27112,-42281,-19764,hiphop
493,493,-902686,117797,-175629,328915,-221477,24297,-85506,87500,4183,-5857,hiphop
494,494,562180,-209953,-143262,230170,-103611,48022,-2724,-8638,57464,2817,hiphop
495,495,1226020,-485701,-1325314,-320651,-146214,-211441,45879,-74497,81484,-9872,hiphop
496,496,-2576314,-72458,214640,198486,124507,-132818,59672,-43193,17863,-9168,hiphop
497,497,-2061688,873570,-258292,-106570,62386,-102889,108633,-185978,4627,2866,hiphop
498,498,-99826,-64184,-304916,-306278,-74032,142891,-195201,-121008,-54460,-27848,hiphop
499,499,2242842,402538,465585,-681465,235834,-113700,46819,116594,15634,16387,hiphop
500,500,-1109636,310457,-243575,-92641,4231,76007,69739,600,4842,22507,jazz
501,501,748692,27770,48201,-12010,2966,-24090,20893,-5601,5308,-3077,jazz
502,502,-622608,1684675,374409,-190252,-2437,-31504,4575,-10827,7166,-1946,jazz
503,503,697140,-140780,-162913,18963,-31159,433,-7500,1000,-552,-4293,jazz
504,504,1674058,-630821,-199415,96577,50125,-30973,7968,1411,-10259,3653,jazz
505,505,-925386,735259,351076,307014,-123584,110277,22807,55121,-3651,10959,jazz
506,506,-700256,30980,-159498,123994,65669,75063,-2469,11175,11692,-532,jazz
507,507,46022,-1136292,684787,-145331,97829,-49291,5323,-15926,6714,200,jazz
508,508,-2119448,-22363,-224201,-67542,23835,-55188,-23478,2520,-783,11,jazz
509,509,-355852,-562336,40293,-102877,-7049,-27657,-9368,-13042,-1218,-1151,jazz
510,510,-2617646,79952,-208481,10226,-119301,-12443,-16203,4262,-2408,-598,jazz
511,511,-467002,494935,111851,-160091,128135,-17521,70046,65956,-14810,5658,jazz
512,512,510056,-127958,-47814,-200,3920,-3413,-21822,-12288,-3398,688,jazz
513,513,-1453486,-77053,-144499,66868,-6951,67643,-13353,-20398,-20765,1667,jazz
514,514,-970000,-156590,86625,-180449,37628,25027,20130,6289,6413,1295,jazz
515,515,-2058576,-649093,128486,161046,74025,21871,-23335,-16655,10778,-7355,jazz
516,516,-1915878,-722497,-225495,199668,-41975,70775,46697,37902,12172,5608,jazz
517,517,1273056,-604387,-125418,134223,-47954,6973,35587,3677,-24345,2687,jazz
518,518,-693584,375078,-146402,-29400,-47701,28714,-38161,1244,6469,2026,jazz
519,519,923774,-76923,-115111,-94505,-54866,25570,-10478,6374,-4238,1723,jazz
520,520,1404376,256195,-65228,44632,-20074,435,-2352,-2484,-1320,-238,jazz
521,521,711544,-583552,90523,163857,-122297,-48461,142731,-105603,-8973,-1931,jazz
522,522,-2451444,-6779,147562,13400,7891,-7628,28727,-25914,3593,1853,jazz
523,523,1185740,-1788966,499394,81759,91610,8835,-104401,-47459,-31363,4403,jazz
524,524,-2027630,-362999,-225291,227087,-82616,-107751,28355,20784,-12286,-755,jazz
525,525,103710,277896,-569125,151985,51554,-2089,10979,-28407,-25504,-1465,jazz
526,526,-213014,-88665,117053,-74822,5488,-9915,22662,3700,2818,-393,jazz
527,527,-535550,184086,-72102,208165,57312,17756,29335,6607,5249,985,jazz
528,528,613292,687511,-57779,145711,-116144,-1120,8691,-6160,-14088,-4412,jazz
529,529,654306,369456,-52521,-276152,-95817,-32065,-48054,-10961,41581,2583,jazz
530,530,-356844,48708,116098,16170,43927,-11349,8124,8203,-2313,903,jazz
531,531,-2550038,132308,131820,44213,-20417,-35830,28480,172,-1345,789,jazz
532,532,-273196,236799,22368,-30124,-4996,-10565,-14150,-14179,2485,1448,jazz
533,533,-48954,-791621,-219280,31493,-8222,-4253,-25628,-787,266,-1091,jazz
534,534,2561236,-107134,1282163,184278,-166312,-195813,2551,47533,-45851,-15737,jazz
535,535,-5271518,-189379,56590,-12270,10472,11808,3787,2752,-385,85,jazz
536,536,-423294,-426239,-103837,-502998,-157005,-25348,109605,8329,4821,-4370,jazz
537,537,-3589128,572057,-131058,-23318,-100920,-43803,-204,2034,2580,-2685,jazz
538,538,-4853368,-1010549,523470,-52754,11859,40454,72539,10751,6496,7264,jazz
539,539,1936170,2011760,-235315,-112591,-260600,61273,-63404,5339,-24593,1174,jazz
540,540,-2941848,137983,210342,18354,-53633,45594,507,-24305,-19017,-5321,jazz
541,541,-792664,-394777,1005764,314025,-77642,-280554,-9407,-54139,2311,-16160,jazz
542,542,-5482504,-495456,-928550,-591627,494430,-47936,25916,-16734,7714,-5840,jazz
543,543,1539642,-534439,1028037,-227875,-161957,-19879,-29224,-47950,13769,-11393,jazz
544,544,-16447596,-1279695,-683167,-259245,-5730,-59158,-7808,16812,17458,-216,jazz
545,545,-201676,-1181460,362855,-146696,-3726,-23806,-7768,-14277,-5955,-632,jazz
546,546,571846,-772071,-760156,198450,-16351,-120885,-22984,-58601,-4974,-8775,jazz
547,547,-952018,-242149,33215,-66841,69212,-57160,-3726,-18027,-44052,9683,jazz
548,548,-3492478,409118,-95671,-91130,103564,-5540,13759,-13995,-18410,222,jazz
549,549,785694,878685,-288908,-629093,-84615,233386,183768,-176358,-138991,3874,jazz
550,550,-4871234,153597,-213052,-3529,-314651,-77967,216314,127947,-72270,67650,jazz
551,551,-2116528,380063,-370638,128538,-22937,43944,-25871,-11070,6987,3838,jazz
552,552,2297522,-68005,-85864,-466637,-117810,13133,-8392,216758,42687,49753,jazz
553,553,-1873090,-1271881,-693711,-48632,515526,237575,-162377,-88026,-38888,2301,jazz
554,554,-1936556,-157761,-211933,-592447,22903,-114297,18953,-24160,119653,19415,jazz
555,555,-1690626,47935,-28704,-64983,-33398,-644,-2021,-4702,-2657,-1347,jazz
556,556,1761416,1339507,-1434248,528602,-71995,-102762,-30739,212908,279773,-265021,jazz
557,557,-7790584,-1081105,-176003,190281,-12755,41750,22172,-12989,-10890,17567,jazz
558,558,457448,607814,407338,332623,-18398,-221666,-77359,-30309,-7967,1467,jazz
559,559,-3124508,-335717,310633,-207365,56702,15971,-74195,-123875,16642,-17613,jazz
560,560,-3226968,-604523,255076,-41908,-62719,-84046,-25285,-11931,-14431,1585,jazz
561,561,-2749436,-2842449,-57333,-934189,249895,-215960,-180738,-84978,-61665,-55717,jazz
562,562,-4701828,714240,-25028,248044,45779,65027,35927,16020,30083,-5177,jazz
563,563,2970186,863568,338032,600774,-540542,-67095,-208543,25112,38844,28160,jazz
564,564,-2302920,-221821,-35906,365640,-133833,87407,-85675,-11213,94053,7511,jazz
565,565,1215512,-1782068,-173481,197996,-90512,-144189,-42597,-20533,-17648,-5724,jazz
566,566,-1016962,-3803302,-740389,-424113,-133080,-232865,195377,-22677,56531,3146,jazz
567,567,-4704526,-680978,604230,29286,-6371,-60803,43508,5289,9757,-795,jazz
568,568,1417810,1742976,-780679,-131023,615041,-81278,77409,1157,21151,3098,jazz
569,569,-4793986,-671732,-1420874,851585,46254,-44697,166712,55380,3971,-24818,jazz
570,570,-17315636,-26782,-860126,30627,-132325,34373,-78570,28337,-56368,2969,jazz
571,571,-1228304,-921291,-469245,137980,-10333,-1831,14849,1233,-3777,-644,jazz
572,572,-4741708,-774677,247976,235765,108748,-110593,5017,-31503,-8533,-6054,jazz
573,573,5489178,1604299,202792,380882,72527,359111,-238593,155334,67930,-41493,jazz
574,574,370788,-810022,-103834,-377238,602884,-61868,185002,-61161,61361,-82309,jazz
575,575,-1654886,1648729,663185,768762,131376,-36286,269334,61504,-109807,53147,jazz
576,576,2421558,480783,-607968,-245829,235926,-69074,-45608,1881,-40034,10057,jazz
577,577,-339774,-1467971,243474,683979,-140002,17504,-65403,213380,17291,-206526,jazz
578,578,3396206,-644245,-669371,398271,-120852,-178812,82540,-71627,-20078,-57641,jazz
579,579,-469098,-377391,60336,31623,-246996,24392,-75903,-128419,56979,-18935,jazz
580,580,482228,123361,239543,429963,220031,58019,-119269,101283,28882,-24081,jazz
581,581,-1741302,-80641,10580,-114771,-5932,19599,-88307,-68101,99149,14801,jazz
582,582,-2065190,-24749,-50511,-138808,240793,177890,-210865,-293672,-225218,91624,jazz
583,583,-435622,-356557,147763,-85867,-1393,258781,108225,122210,245866,81718,jazz
584,584,1012294,93436,-117630,36990,-26018,34893,-34030,-55027,29415,-4851,jazz
585,585,-428746,338135,-12973,128290,69452,-15629,-109794,-16368,-68380,-120766,jazz
586,586,271142,-357425,658372,261990,380034,264511,19646,-144484,49517,-3810,jazz
587,587,-557940,-111816,196767,47892,17886,9185,-23201,1099,-3705,-1929,jazz
588,588,3273978,-108144,-307382,-62724,-11190,-2994,47551,39758,-147857,-47791,jazz
589,589,-1599872,-466197,204179,-76031,13921,-117035,-159939,-79567,44827,-23350,jazz
590,590,1745390,-693396,124184,30628,21703,82839,8401,19481,-15601,-7560,jazz
591,591,878096,-459470,-427684,274362,318922,-103809,151835,79321,34549,-69826,jazz
592,592,536532,-294051,-347877,-484565,29677,-18967,-61854,34664,-16136,146,jazz
593,593,-562774,-236287,-3663,75708,-13063,-30083,20880,21269,33758,38638,jazz
594,594,-766220,254064,-2099,-16736,9402,-4527,877,3450,2581,-853,jazz
595,595,-1434590,182035,-16413,41280,-151782,53403,-7302,19863,-5277,-4619,jazz
596,596,281668,-218587,-105492,121435,1058,30299,-25831,15712,-27597,4493,jazz
597,597,-249682,-23280,-50088,-13417,3581,4455,-5612,-950,1029,121,jazz
598,598,839476,67176,70174,53785,-71828,124738,5267,42104,41343,335,jazz
599,599,-79288,76376,17986,23834,-10512,2839,27061,1713,-2205,-2096,jazz
600,600,4863646,1651901,150770,-458931,11079,-6813,126874,-32497,-91863,-367684,metal
601,601,-1208964,-560927,70562,288545,25866,-53149,-109737,68838,-64798,-6604,metal
602,602,-556814,1646549,292243,-504277,-426265,-321827,142109,66527,-124886,-46593,metal
603,603,-8915490,1308085,49087,707643,-332884,386226,-123861,-39901,-60033,-72384,metal
604,604,-1679098,-471618,328476,-167906,-21818,166688,-212145,-149067,-179286,47314,metal
605,605,-4984166,-422859,-699676,-309106,-274585,48954,-337619,-89637,-10274,-14168,metal
606,606,-911664,426459,272691,103967,210302,-138885,-5930,39567,-104600,-55530,metal
607,607,801686,926618,426038,-396602,-351859,-40572,-277093,43397,194007,-61163,metal
608,608,-731112,485900,-115069,-46279,20966,107560,109245,-30114,-61101,-107417,metal
609,609,2341560,627780,-9528,36083,-568218,-135206,118852,-214925,75024,-25706,metal
610,610,-494542,790940,-23590,602670,-497508,-519675,-537609,319359,81434,49931,metal
611,611,-5522494,704684,-1112772,-898485,1078415,-1157955,34358,264457,270289,17722,metal
612,612,1072144,-155068,976517,271354,-427885,209706,102729,12552,-15450,-251,metal
613,613,1440930,-205147,262924,74211,-317017,-319676,185375,244362,-125344,11210,metal
614,614,548392,-367915,-304486,661337,321264,170244,-70266,-18725,4010,4160,metal
615,615,1901986,-322004,586120,-366108,509617,20109,-372289,-32631,-6420,58773,metal
616,616,3873054,1320102,-1943313,559779,-10692,227253,-26070,-95148,-177211,25531,metal
617,617,-8377604,939093,24176,104844,485961,-287784,7811,149967,-66043,-19385,metal
618,618,-2607660,-422239,298195,271180,286438,162225,31138,-38004,2127,-423,metal
619,619,-1382212,-48507,25120,-395178,354026,-147123,-128031,-62693,-7469,52561,metal
620,620,-6959646,-60876,-501405,-545806,-365156,-5801,178382,7534,-81134,-359,metal
621,621,-5912266,-826048,-452005,672211,59355,-340672,-137479,-285075,-102561,9515,metal
622,622,4236406,-538420,-54331,1200228,360626,112475,-135091,432320,-36940,-2986,metal
623,623,-560888,-41473,-121658,1912208,535523,-54492,-328301,-9992,248632,150358,metal
624,624,6290384,-531811,-201818,-944066,291166,80179,260803,219399,-58527,87170,metal
625,625,-575162,-271513,302456,-95554,-332746,3102,47148,-2047,13769,-25949,metal
626,626,-8798506,152361,932240,-220463,871679,781476,-365735,-81353,-75628,3625,metal
627,627,-1177968,-180137,87554,285785,487619,-101311,416218,93554,55923,-18566,metal
628,628,-709404,-172080,-1851694,468581,-386154,168888,-123710,137137,-75527,-2212,metal
629,629,-3917310,1085898,-219106,351414,-606426,-49921,-61161,-117381,-2260,-43665,metal
630,630,-17673754,504715,244879,-269826,159863,255226,80488,-89986,36585,1418,metal
631,631,701330,247232,-666367,-1134636,-165499,302705,222576,484166,115076,82169,metal
632,632,-6353796,57045,-786832,-416557,-490657,-172932,-30432,-36288,-26687,5651,metal
633,633,-4292226,962015,-318604,-178287,1028917,-275450,243959,-219255,182246,123503,metal
634,634,-275352,440739,215961,-297582,-272013,204206,218327,145722,-61646,1531,metal
635,635,5519506,-1637354,-637737,40171,417470,-51735,505157,900871,-71256,83366,metal
636,636,-3000816,-415252,684213,-282064,-48205,187884,29309,57222,40759,17826,metal
637,637,-2569700,-1272750,163993,-464050,128238,-166464,-230684,224886,11257,28731,metal
638,638,-2393556,-25814,-1025115,441109,-103562,109903,617154,253114,49431,77911,metal
639,639,202150,43318,-484887,-254089,387839,-119060,-127622,-74878,1468,4357,metal
640,640,-3824676,-232031,904738,777548,-202129,96845,328333,-175342,-85816,-21194,metal
641,641,-4623028,328231,946717,-204459,-39164,-303819,46815,-48551,48634,2182,metal
642,642,-4078756,-340756,-1275396,39253,343891,24680,108966,97194,-21356,-9560,metal
643,643,-4218558,1056855,680375,-364676,394848,-236754,-5345,94978,96509,-20616,metal
644,644,-2564854,760677,-182577,-420940,-348290,-56061,36258,314397,-48562,-49778,metal
645,645,-5473204,-258240,111357,25853,61541,9849,126559,65590,33795,24481,metal
646,646,-100712,426794,2241677,1087392,307903,-484208,-571219,-254574,132729,8914,metal
647,647,-33784,-317939,393068,91669,-975860,-643782,697664,494254,-214854,-92672,metal
648,648,-962308,-1205846,-584954,1994558,-636105,-1048150,394490,2262,-55057,-26118,metal
649,649,1326658,-1440899,-1010877,-304263,1780506,33566,517056,896377,29425,53543,metal
650,650,-3701648,566944,242030,358360,-38551,503492,-28357,-550844,171205,-81003,metal
651,651,5562656,1081554,660891,-241714,-628809,249048,-658432,-539147,-430087,168701,metal
652,652,-2115876,791495,738910,996206,-1568799,-567496,618874,-232959,122085,105239,metal
653,653,3997056,526047,-1363630,13674,-493195,-533689,515996,142556,-424596,110883,metal
654,654,1775632,-1040209,1105392,571293,1042390,52761,678717,-278821,-157056,130411,metal
655,655,-8312264,-1235495,-857166,83049,1162054,689686,-178917,-189156,65944,20844,metal
656,656,1105976,1735162,83048,-1231559,1160810,718764,-1310528,-350201,-216839,314191,metal
657,657,-4880592,2878118,-334837,1114403,14941,-4603,761374,-230695,-71533,-46102,metal
658,658,1422286,1339804,-508408,177204,283962,-181135,-223353,-105054,-11582,-13804,metal
659,659,-3326194,-1370215,1319460,1056484,-214966,276997,104960,-204350,-44069,22436,metal
660,660,588078,69358,-61025,575598,61576,90535,206956,155061,-35267,13100,metal
661,661,-5451302,-978355,136489,20735,-61884,501347,44895,79564,-74429,-20144,metal
662,662,-70596,155723,15007,-83644,-129767,-90387,-90906,1844,36959,-4361,metal
663,663,-2319040,-791042,-593174,-280130,-533487,42092,-54348,-58821,-15236,-4894,metal
664,664,-1626642,-452676,192659,363774,445401,-16625,-190760,135269,-26310,15605,metal
665,665,-3698668,-349365,-214465,55120,-119179,309035,-86051,-15413,-42297,-32860,metal
666,666,-5512896,-290010,-403156,-38447,-429453,-151197,-268524,109035,159495,-7862,metal
667,667,-4813412,-512245,1169636,630751,-540573,-294848,-208411,88343,-26294,16859,metal
668,668,-3766576,-23030,773353,215690,269782,290747,-29740,-41436,-15307,-17,metal
669,669,-2440310,1239647,140806,-225165,-68238,98901,-18059,-35780,-34813,-10825,metal
670,670,-722518,-117623,203041,-164810,-106242,-32232,16278,-42400,-17320,7214,metal
671,671,-2751510,-353314,398241,377856,-352188,-507299,243704,-15667,-56028,12078,metal
672,672,-5031938,-192013,-3981,-124471,-420495,516672,474521,77555,29948,30742,metal
673,673,-2964560,3201913,-2162600,5020,-1057422,-1405914,734647,150297,-90187,-48774,metal
674,674,495200,79622,-163926,-135850,-97393,155334,3500,14141,-1997,-240,metal
675,675,-2207900,141477,-1178621,-324390,173732,-537650,-97810,128160,110434,11611,metal
676,676,-2134594,-87681,-29732,-345587,354924,116620,-329731,-6804,5430,22608,metal
677,677,-4768864,-1686455,-294407,298406,-81275,124772,-167351,136461,125986,13426,metal
678,678,3224372,-700335,1106706,514758,-54788,253398,600678,-1109639,-351063,-154937,metal
679,679,-3010258,73239,173544,31697,295022,-185668,108264,226618,74060,-24738,metal
680,680,3396566,410541,713674,2133,-111856,-326348,19825,-116067,-107951,2774,metal
681,681,-1029448,498039,-1046819,-33500,-428201,-209141,-81186,-180720,-52305,-10721,metal
682,682,-6013724,232911,-271361,-694124,562302,-195355,334426,-82864,90255,9203,metal
683,683,-4741948,-887968,294895,1374798,-81562,-1195395,54196,-199666,-107400,-6404,metal
684,684,-11090358,-1453484,-2845120,-374178,817432,-435498,415621,29663,153862,68969,metal
685,685,4513586,490935,-985056,38242,-483255,-96887,-74816,-150692,-95715,51301,metal
686,686,-2936228,-53579,-273631,457013,-213953,61097,276846,19533,-42018,-3372,metal
687,687,-9526298,1100413,-181228,-1456796,1044956,-351696,279138,1452935,-179040,6375,metal
688,688,-429974,1132856,142752,120828,-158855,163861,-90524,7867,14633,-34523,metal
689,689,-2407576,-138321,-1530719,-59686,-364824,345,-26765,-39815,-4530,-8610,metal
690,690,1374832,-497795,830595,-279509,332166,-37953,-107171,-156682,-39426,-30429,metal
691,691,-2174412,380584,-716476,-83913,188798,-217674,43614,-206763,52315,18641,metal
692,692,3733208,1751360,-129289,-47476,-88472,-121256,138432,-6370,-65661,20225,metal
693,693,-2973994,469357,-274913,-88203,-242220,-48841,99590,-49113,73310,-7506,metal
694,694,-2231750,-2218183,790955,472762,349018,-249816,-265065,162426,-22050,-2529,metal
695,695,-4065736,-1008827,-389824,-783087,17997,764766,-235342,380398,103690,-81508,metal
696,696,-1617796,942922,311833,362012,-257953,-16427,-374809,-85552,-48743,-8408,metal
697,697,-398462,-64124,138648,-185231,195030,83619,165724,334287,-61138,-48675,metal
698,698,-4760554,699386,75153,258305,200152,63507,60552,10053,64899,52826,metal
699,699,6862798,-257599,524867,116270,225250,-231345,153352,-88951,19719,37195,metal
700,700,-2072626,-103804,-415125,328721,632556,-43388,235974,-38582,294628,-283040,pop
701,701,3877922,-889986,63347,-348279,370000,-812514,-653218,-66580,-6283,-1077465,pop
702,702,-949222,-810796,-696831,457046,-440183,214736,256230,129793,62803,-207410,pop
703,703,4383760,-342712,-1071610,474390,-133768,18745,51167,-28423,-7371,31408,pop
704,704,161992,-1497668,-998546,-601714,177915,251842,-112005,510089,-293268,-338465,pop
705,705,-5538008,-1559830,299558,123030,-14364,-140392,-69307,120086,-59530,-56326,pop
706,706,2387076,-348383,-177571,-95905,-14506,44480,193494,-13082,-32031,-116769,pop
707,707,5699140,-726271,-627301,-76945,-128501,-122279,-59195,29256,-71336,13155,pop
708,708,-2655268,-1178566,650117,-512648,119087,187219,300671,105190,286993,-332330,pop
709,709,400766,-1547110,-249998,1186618,-287601,-39774,329368,155356,-89706,-202839,pop
710,710,2307924,1498584,-280768,-557251,308746,198043,-35893,200839,-25654,5747,pop
711,711,-263480,-459518,-132652,78394,154374,-63590,-10213,47326,27255,21182,pop
712,712,-4483926,582432,-686438,-1153695,82493,451012,-69265,79700,23000,-341849,pop
713,713,-237566,101194,-650968,-296655,-175115,-130499,-199384,211372,-60357,121595,pop
714,714,7574146,385791,-79221,91110,172002,33362,-9263,19130,-38833,-11338,pop
715,715,-2616132,-1029989,-373889,414652,-1004821,303501,-186626,183461,-241297,117461,pop
716,716,-911446,146913,475362,1093,1367732,17803,-262930,-318259,-386115,90527,pop
717,717,-615780,-510271,-439977,-360316,42460,-580720,-116989,-4928,-1043,109176,pop
718,718,3510400,-1433723,433958,-36233,-183650,166775,-141016,-114070,-1462490,84029,pop
719,719,-3015064,50081,1269685,-205084,-48242,602934,-337617,89336,158719,90026,pop
720,720,4263414,260364,794524,1106602,331218,-968732,-56748,-112270,405980,321647,pop
721,721,-2184262,-878133,756012,-534729,-26762,561783,305713,-138252,-502792,-46506,pop
722,722,6835576,1160496,-140079,-495515,-823742,532374,-122127,341983,-637488,122395,pop
723,723,-2885248,428880,-47514,-364249,409740,-256908,198274,-693206,-598219,460039,pop
724,724,1146916,-144451,223757,247996,-213142,-553324,355872,162681,207000,600439,pop
725,725,-859546,1789555,-400712,127416,-120133,-206640,-75441,-108621,-172673,-195192,pop
726,726,1958056,-1672212,-611902,562226,204382,-136477,205824,-57656,-129792,-584466,pop
727,727,3267130,-580324,120733,490878,-46613,77001,-252919,-190352,145299,-50418,pop
728,728,-4419346,-136104,195546,378997,985919,229527,-103024,187145,114001,597621,pop
729,729,746712,-1396650,-703491,178108,-672721,-458923,663438,269953,380885,201394,pop
730,730,4118500,468685,-394214,-354558,-191972,31752,-290736,-236915,290666,-173892,pop
731,731,1717042,430423,-760449,-555593,32947,-88567,108127,172246,509339,89643,pop
732,732,-1626640,-611617,-199574,-51237,232750,-299951,158803,-216329,-73109,20961,pop
733,733,907994,728148,-1113530,422047,-21405,149500,-218535,68316,-28678,-198687,pop
734,734,-7760504,909624,-478129,-354629,225704,-7914,99278,75593,27122,-172547,pop
735,735,1590668,2549000,223504,-780757,324713,-1426424,282378,-182412,203065,-449741,pop
736,736,-11312274,1771538,-183245,-416736,-202841,927894,-483635,-194396,-5266,-58122,pop
737,737,-5376494,-1219978,-300756,-283234,190757,85079,338825,658511,-500406,194701,pop
738,738,-6631698,269286,919572,354027,544991,-19183,175268,-404619,540188,-944971,pop
739,739,-2003344,-36299,-108265,-532981,581967,562323,914640,-64161,-901161,882060,pop
740,740,757368,1321909,-372564,-92873,-252014,193887,-168840,47687,-95948,-49590,pop
741,741,2483960,-153251,-145213,188703,-26964,-77416,104513,83501,-16523,-13345,pop
742,742,7350498,-937359,84224,-360832,-163114,156558,505934,192093,-343448,-381267,pop
743,743,-2614388,-44002,1274129,-152688,-72555,-208617,-911606,-214896,-66765,-210181,pop
744,744,-4214120,-1112894,414256,116319,-615202,-250317,165749,-202089,180718,-51419,pop
745,745,3067016,-1294767,43670,1007906,2704,-120650,-96364,17794,360821,24512,pop
746,746,2138678,-1889216,-828284,153740,632875,7524,65766,-194355,-204211,-623319,pop
747,747,-59878,1888893,649345,87114,-597278,539531,516435,440529,-606322,-258200,pop
748,748,-6091810,-1143546,303271,42038,309854,-426877,-382751,593743,168831,-570513,pop
749,749,-682170,774322,-359546,-309076,202192,-30446,-107656,-82830,-6007,-45508,pop
750,750,-254954,1263787,-279846,-93565,944669,-332345,-26616,75443,-280558,-504921,pop
751,751,3131288,2056222,-421681,-1345332,-377216,384647,-616348,-579944,356763,-262878,pop
752,752,499458,1163573,1078874,-1019632,-503274,677140,157420,-52914,-465423,162627,pop
753,753,2389928,-1819471,-283059,59389,46760,268670,-12474,136349,286072,-176669,pop
754,754,-8686950,-316669,-305775,115182,-1145934,-181407,-513948,-13251,150569,-527221,pop
755,755,-2771492,-689941,744123,326977,-896205,10374,-1202840,-309664,-95622,393374,pop
756,756,3479022,-588711,276607,368807,-138693,-504681,-176953,-359084,-425395,-192331,pop
757,757,851632,-1072501,1619446,376410,635636,-208978,-124137,338971,404519,298515,pop
758,758,1290112,1524373,19821,564943,-74119,18415,110239,61232,-198211,-98344,pop
759,759,2588572,-686698,-489758,-49924,762221,515946,-195161,453528,-181136,-219907,pop
760,760,-7032486,2097439,-499329,514861,631925,878935,-93310,431970,563279,39964,pop
761,761,-6528898,-307787,1112753,606673,188686,249545,276586,171360,31212,-135416,pop
762,762,12690372,219695,4052,309634,-357576,226337,800499,-159526,-66039,312141,pop
763,763,-2894050,378059,74414,-166801,181933,32148,3363,38718,-12394,101817,pop
764,764,-2227134,801167,-383124,207795,60135,395598,263561,295233,471759,90020,pop
765,765,606592,228639,-37244,92493,113638,-194939,-123453,-45833,-221365,182759,pop
766,766,-4453608,1170132,-338326,381205,67983,275163,-355595,-267708,46010,113625,pop
767,767,3198428,-641525,-81163,-158195,-2420,489243,616500,604306,-208134,505303,pop
768,768,9064394,-2474600,-761996,80019,450442,323897,-443698,277010,-268074,437241,pop
769,769,-1208326,733583,351522,-152914,-339157,-399472,-26692,-48634,51501,88141,pop
770,770,4523906,67029,718997,-670625,81476,-191868,-171624,-485856,231837,-18065,pop
771,771,1863648,-522229,-1049502,-262757,662071,58615,49981,601041,260314,302469,pop
772,772,-4613452,-450702,-1141337,488777,74004,-14008,379520,661341,72249,-211937,pop
773,773,-1985360,1944276,-1429778,872224,-421827,253064,871205,111329,548561,-183985,pop
774,774,-3988554,-514197,442222,-74309,-606710,-571338,-5917,220092,-509319,359800,pop
775,775,-423982,559905,141695,-1071453,141754,379284,-220723,-255346,329275,-119505,pop
776,776,6728234,-259521,-59185,596296,1293648,-177853,-47672,265261,-392016,-358219,pop
777,777,-1906692,-870495,494759,1063324,658144,890147,-245569,-256715,812602,727238,pop
778,778,-1772172,467029,628010,-1269312,-1443901,-193390,-71791,-362730,-333042,57396,pop
779,779,-1638054,-90646,-61497,-28616,20945,-10139,-2266,19305,-18025,-34271,pop
780,780,-9551914,-630814,895172,-763789,49277,-297523,-82892,172890,65412,-17466,pop
781,781,-4740526,-873812,197638,230390,-23814,158206,-12918,-13262,-81462,44081,pop
782,782,-2691112,-1186222,-365070,34273,56494,-32312,-142764,316555,-429510,-265356,pop
783,783,4035668,-687875,-85734,-158568,31392,-8131,-38090,192251,48116,26807,pop
784,784,-1984624,-540531,725046,-466312,115461,-69285,-323817,-373,-127452,980161,pop
785,785,-4842496,-823218,263222,-722965,251851,-423407,361954,-400468,526497,361851,pop
786,786,-2805578,789077,-473756,608703,-210410,-140700,-35819,314227,-230555,-184828,pop
787,787,-1250512,915892,-486478,86047,-87714,-430177,-142305,9648,681407,-123542,pop
788,788,-1261378,1461072,849463,-66426,47680,-19381,76665,143343,735250,-540220,pop
789,789,1755504,-336275,201186,-1041517,624381,-32245,-29411,-715085,-513401,524987,pop
790,790,-3028408,-2084455,-885465,-254743,159016,-546490,164672,709089,136982,83567,pop
791,791,-1766134,-3128132,41689,-496731,277601,-80585,-398581,-301218,1015802,60082,pop
792,792,4588720,1668814,-167056,406267,-11367,-423378,144451,320003,-122734,-114872,pop
793,793,-1786340,-416354,620864,311811,107121,-154855,105229,-491321,-240051,-75217,pop
794,794,-3216874,-233858,932958,377492,-756856,-122465,-32861,383382,-342716,-135669,pop
795,795,-2915252,705795,-148315,-155504,269666,-196920,301979,679487,-58894,476842,pop
796,796,104784,-392795,683825,700298,404072,-54851,595823,589615,-23522,-874425,pop
797,797,1579300,-312567,235465,-31260,-95601,241787,519706,314296,-106753,81440,pop
798,798,-3001658,21905,-1782887,-639321,-1265779,-711163,461097,823597,-379824,36054,pop
799,799,12168770,-1078255,597992,10717,136388,361051,152571,-105052,50483,-304827,pop
800,800,2634984,-725037,597158,-171617,-148070,183073,97412,-58079,61705,-2581,reggae
801,801,829298,204658,-457669,-55495,-173106,-81732,-17041,-112003,-77689,19788,reggae
802,802,-313238,-430927,-53744,54941,86782,-103262,-64039,81287,-14391,5825,reggae
803,803,-4108018,555498,19075,-120366,48237,-70127,-37087,13668,-29859,3782,reggae
804,804,-320482,-316891,-384746,-446070,119806,58123,220118,76673,14569,-32315,reggae
805,805,2136750,77919,563767,-191276,37310,46502,81104,60522,-17139,8001,reggae
806,806,-1527070,66713,1943,-138798,33819,107806,53522,-15866,17606,4166,reggae
807,807,-2437646,-486653,387840,191782,40567,144856,45993,51394,32608,14432,reggae
808,808,-509166,54625,353243,152637,-97924,125295,-16410,39851,31329,-563,reggae
809,809,65558,-351109,-237940,-92646,50866,49084,-22324,-63569,-29332,-2552,reggae
810,810,-2530612,363885,-117140,-170417,74989,-243337,-57305,-98702,2569,3420,reggae
811,811,-917772,-462779,331123,-50897,-82931,44367,85766,67389,-19462,-873,reggae
812,812,3052686,-164700,-47984,-120153,-108178,117458,-150559,-178373,51377,3407,reggae
813,813,-3097652,-486207,523867,234783,112182,-20654,59474,105469,7792,-2804,reggae
814,814,-4010856,655953,-45248,108278,-19828,6371,-117083,50753,68909,-7268,reggae
815,815,-3842678,-681780,274074,-43336,187633,134741,-120799,475115,100790,-29755,reggae
816,816,-6461766,1346775,-1318112,171329,-292167,-150758,-137346,-167735,86138,2763,reggae
817,817,-5620330,-859245,123192,143148,43223,207667,-80821,-31802,65911,3530,reggae
818,818,-5868482,-93699,170766,-68755,138812,-98517,168151,-3080,7787,1817,reggae
819,819,-5570166,212225,-38580,-190860,-135620,67221,-6152,-92515,118279,19394,reggae
820,820,-7475838,-281047,313773,244041,42620,-85591,-51372,-194964,-23648,30410,reggae
821,821,-3652324,157309,383958,226785,33205,-182983,-104041,-139916,-66096,15396,reggae
822,822,-4695376,-854091,-24543,-320230,-631325,36032,-246085,-273466,68470,-31508,reggae
823,823,-2804304,1035952,187738,243015,78774,65336,-111740,29606,49836,-16364,reggae
824,824,-3292150,-987578,732717,55535,-3937,-37497,-221535,-66819,-81592,-16497,reggae
825,825,-4643360,-435227,-158736,96998,337334,-123370,-121840,33007,7083,6735,reggae
826,826,-2366202,828717,-12947,-214443,314068,326637,152372,107062,3286,-36427,reggae
827,827,1910664,1174644,-420273,182245,79173,-71354,-207156,70221,70399,-8,reggae
828,828,-123722,224024,253304,74146,35028,-1937,54902,-82992,14966,-137,reggae
829,829,-391638,56924,227652,319497,21163,83208,42632,-21645,20307,-7620,reggae
830,830,156042,280308,46261,27504,-57388,57160,-18693,28674,9396,-4493,reggae
831,831,1287330,359781,-316721,-467061,172681,124058,30534,-98579,-8953,4060,reggae
832,832,-436004,-12276,-153367,14597,-114462,1988,15471,-35963,-8692,-1041,reggae
833,833,-28114,-2684,-6191,4940,3352,-53704,26159,57993,-57646,1849,reggae
834,834,-4048208,-226148,99717,-72378,-50428,2001,21011,55540,-8288,3285,reggae
835,835,1126668,255555,5068,36535,-1703,-150591,-5796,-457,-3197,3545,reggae
836,836,1075734,-303703,-48942,38386,108954,-26429,68233,3443,-52448,-12117,reggae
837,837,-1754606,-227987,255420,-53342,51952,-123049,-11601,55341,-15155,377,reggae
838,838,-330770,247957,-40973,-189555,-54673,42146,-53400,-44131,33239,6788,reggae
839,839,1913180,468,-153145,-33196,-92629,-82472,16515,10982,-3548,-3966,reggae
840,840,-145256,-57137,-163096,202591,-222220,-182530,35834,130784,22936,10057,reggae
841,841,2202350,356285,-232116,313489,39879,-1576,-131830,55935,4773,1644,reggae
842,842,-1273490,-252021,-196852,283412,-27840,189915,36690,-55733,-10466,65518,reggae
843,843,792744,345323,300464,42018,82061,15724,-13383,26730,9477,-1573,reggae
844,844,-2451448,-868348,-209296,198842,243700,-54064,-4812,154661,28170,97533,reggae
845,845,-2177430,-38644,-386916,208690,-274464,17639,876788,248402,291863,323657,reggae
846,846,-825962,-28978,140667,-15156,153977,31545,100826,-49355,-3250,87226,reggae
847,847,84496,275796,-351112,281427,367417,138063,-153482,-132898,-74061,60258,reggae
848,848,-553690,215479,-304385,-354893,555765,190114,-50915,72671,22093,-21785,reggae
849,849,-2629146,-311104,292816,-16422,-144236,210470,-127162,-45594,117804,-120231,reggae
850,850,8299040,-664417,-240384,263698,-188379,200287,20558,167722,32583,-194912,reggae
851,851,-306172,474349,-306628,-221891,-594531,752655,39577,-122891,52156,-293439,reggae
852,852,14746140,232691,96249,211229,-195372,-295230,273346,-163080,-47575,505137,reggae
853,853,1288538,-94980,-45400,70208,-27805,20066,76160,-65692,-96245,59067,reggae
854,854,-8915654,-535668,-458725,-21463,-40902,61242,-131674,-162975,62113,-141678,reggae
855,855,-1966022,43941,-133642,-54102,-20478,-42473,-93323,181123,-51429,-24549,reggae
856,856,-4811992,122139,502323,-11100,-130780,255881,-105292,33467,36611,58940,reggae
857,857,-9525652,285356,163479,-278397,56245,-122962,191798,56585,-87335,26245,reggae
858,858,-690304,7939,275691,177023,-70157,-6060,-293788,-218078,47067,56547,reggae
859,859,-5299654,707236,948278,245113,180599,341570,-442106,122744,55244,-346934,reggae
860,860,-3391264,563809,44607,48272,-80028,66630,117758,-29078,-4205,20193,reggae
861,861,9022258,-196814,-725711,-241546,-230101,491872,-117872,-214420,78947,169799,reggae
862,862,-5412164,69351,-133363,52899,3623,62184,18843,-8335,-15706,2213,reggae
863,863,-1342838,610431,-437473,70532,-84356,-21550,17220,-30794,40597,-72178,reggae
864,864,-3761398,-416577,560229,-106533,495440,49288,307425,-50166,18214,369996,reggae
865,865,-2773662,2768897,2062679,680468,238145,-35546,-397650,86595,-61606,-295462,reggae
866,866,-2135704,-318637,132424,-58661,-79526,24259,-38039,-66147,-2607,16867,reggae
867,867,-1799506,-106674,-2150,-70961,-151005,4902,-12110,31266,6797,-15369,reggae
868,868,887758,-1012570,-593138,399018,-131884,68775,-28957,-54947,8779,-14343,reggae
869,869,6303248,637346,321639,-233439,-28708,-149721,-199873,-55193,-19908,-153134,reggae
870,870,-652986,-1079323,48974,6902,-294795,-229198,34801,53402,88954,72464,reggae
871,871,2560018,200615,288018,-670210,522975,-163429,-86081,-467043,-128951,-131222,reggae
872,872,-3436582,-412778,424175,753104,131414,60099,354386,-197266,15360,-364902,reggae
873,873,-755370,-26063,476064,-165642,-351704,-71713,236092,496281,-16913,-57341,reggae
874,874,-591084,-65898,-335467,107106,369525,-441171,306122,72384,-24806,126865,reggae
875,875,-3617698,2825582,-1039110,-124353,498386,291747,477587,179101,208072,13264,reggae
876,876,4568738,311895,-922488,-370076,207234,949426,177732,-174391,148453,-133121,reggae
877,877,-3091564,-270947,183709,-173380,238104,-7524,-146031,-19759,-70012,62596,reggae
878,878,-2943410,-28696,-594917,773913,-158328,-69685,-137103,13292,59696,-54466,reggae
879,879,623686,-26145,-531613,220978,-1015386,-770741,325476,22378,-56180,41009,reggae
880,880,5173988,-1743114,-432027,-513480,334965,463726,-574157,264993,-203662,-73158,reggae
881,881,-447130,-140554,-108044,451167,-563683,19175,-39446,-49152,118658,324348,reggae
882,882,-1216934,-353445,-690327,-525756,-413539,-253679,136229,105503,-358364,23927,reggae
883,883,-1836258,300578,-426193,-269180,61984,117579,3789,20285,-4156,2989,reggae
884,884,-5719760,-576781,426866,112919,-156916,-85731,25773,94414,-70891,11658,reggae
885,885,-3238360,11518,210641,852468,-422200,-77331,-100494,-6932,-15659,-2923,reggae
886,886,-1238360,-1199449,-2673222,-1146386,-6357834,2031258,4828087,-2843497,1196746,-6670927,reggae
887,887,1576596,-640000,-644721,59217,-144583,-39701,198139,-458515,206915,-594684,reggae
888,888,-2666814,-2298,-50995,281755,-772919,-196414,-201465,139944,207880,154752,reggae
889,889,-585460,-45479,251776,-84680,-44008,24589,-18302,-24080,-25625,-8073,reggae
890,890,2933464,37737,53788,-86669,250299,91480,24165,-429425,166906,-86398,reggae
891,891,-3406580,-388088,-194029,39068,389403,88805,54565,2962,35144,2465,reggae
892,892,-4403306,586171,912267,707515,-352195,23657,134568,-82690,6202,-11496,reggae
893,893,-1078986,374192,7474,117344,-3457,224335,108782,145723,-32181,150102,reggae
894,894,1688532,-237887,-204832,-114200,-504369,255370,-72804,3029,113625,-22967,reggae
895,895,2997976,1075874,-190030,-778514,-72262,-350560,-448629,-143462,-294764,3364,reggae
896,896,389134,279567,439624,587822,249655,170311,-15547,4919,-15744,7238,reggae
897,897,-5857648,-1193434,173642,-406084,-304878,-170316,3537,79150,-176915,-72010,reggae
898,898,1628850,323814,-179214,-30966,12066,-390974,59478,76627,35630,4510,reggae
899,899,-9242830,-206639,368220,-620202,733973,-407567,-352968,-27956,-20086,-13489,reggae
900,900,-223930,-706969,-513751,96866,327825,166651,-81774,-144447,-6777,-251,rock
901,901,-7402874,-1102146,4976,-356352,59359,-120942,-27948,99085,2331,-4238,rock
902,902,-3246734,-1564624,228708,-18475,567205,44491,-63648,10339,-47834,2393,rock
903,903,1781268,1413110,-52990,256940,-170002,-19169,-70806,61464,27582,-12140,rock
904,904,-7346868,-1495577,-202377,-190559,298768,-46431,37671,-54546,-119042,-21205,rock
905,905,-5144450,914599,26602,-142520,389185,-310486,119134,-79944,2948,-5475,rock
906,906,-3136464,663760,660243,137360,-112318,30065,73022,52427,76905,12362,rock
907,907,261686,35724,-162221,183824,99707,-13327,-42682,162228,-22756,-2146,rock
908,908,600538,-457860,-11634,-596851,359575,-612048,159825,-72832,-64454,23605,rock
909,909,2038034,535747,-303962,-154783,-91271,218970,-187049,-82405,-81669,-224354,rock
910,910,-7401800,637398,-358442,326970,444005,95493,61723,32762,-100762,8293,rock
911,911,-947652,-394661,-150293,241632,219471,-108562,53264,-38179,11945,-7745,rock
912,912,859218,56717,148857,-91343,-132551,43876,7690,-63622,-4233,28578,rock
913,913,-362862,107125,-241149,98020,-96811,-119035,89456,73194,-46028,1571,rock
914,914,-233910,-351707,70749,115841,74760,17513,-21174,45811,-40093,15056,rock
915,915,-898102,-503889,80768,101672,-232056,74564,9299,-59941,26222,4330,rock
916,916,-3605628,1803757,-2218276,-653273,-291481,387719,-160066,-130357,-13664,-28409,rock
917,917,104450,-824299,166048,-401783,-160882,-42485,358883,58229,-704,-48270,rock
918,918,874146,290226,111883,419823,105145,-414556,193287,145125,-187566,-37262,rock
919,919,-852194,302145,836981,-270540,-238907,-456867,6318,128439,11373,-22112,rock
920,920,-3941670,-1858753,762091,169890,13744,118330,-122410,-216901,144687,13245,rock
921,921,486082,1171997,-3617,-403540,-139112,-47346,61308,-116966,66269,-20790,rock
922,922,-430194,-478513,-29785,-384137,60618,-157490,36442,92526,-68470,21026,rock
923,923,-4272218,-749972,-400020,-155294,33101,-134847,-213335,-222565,-19513,-28616,rock
924,924,-3147502,-1458374,-191759,343507,185090,95485,-26416,-104267,-25684,24143,rock
925,925,-5544468,-44231,-386066,393992,1169226,-41908,405067,-9995,-43009,1332,rock
926,926,1985094,1378276,-537024,280660,48574,26199,-465868,74366,6977,24922,rock
927,927,-207958,912966,277538,197972,322601,23273,-25789,78972,5980,30570,rock
928,928,-6347766,-608938,-278928,200533,-61691,-74730,93205,-82633,81847,-123003,rock
929,929,-514840,-560876,-262322,768719,777528,-643336,-201916,-120391,10265,17965,rock
930,930,2138464,-808494,-556852,-155296,199861,377107,-248894,60228,65233,-26986,rock
931,931,-1936512,671528,-590054,-1028585,-866040,-287021,173996,-96021,-92550,76336,rock
932,932,-9956234,-782822,511314,506145,-509120,171193,177623,-21993,-144570,-10379,rock
933,933,2788764,466933,-103337,128628,-172026,-126103,-82614,-76025,-26922,28666,rock
934,934,43180,89058,957241,100604,-539529,531116,100968,-397752,240530,-129300,rock
935,935,711732,-698463,-181487,154287,-92126,-49449,-31147,69955,62351,23466,rock
936,936,-1984950,-780586,-171669,518043,448612,248864,66777,-332649,-51863,103978,rock
937,937,-5417320,791917,-1199775,-411507,373197,-106960,82120,-18862,-132126,106898,rock
938,938,1525352,1635772,-1368093,-244900,-525292,69579,-48012,-605364,284453,-54281,rock
939,939,657724,-1028784,-383468,36029,52165,78927,87388,175917,-100277,-116005,rock
940,940,75104,271622,257122,-30513,-178474,210736,-87731,150835,60978,-107285,rock
941,941,-1732552,1077238,-2145102,531932,1133747,270213,-31750,-42850,-23524,-75802,rock
942,942,-2028210,1235271,941799,-457804,-135562,-376587,-2809,-166414,449186,123028,rock
943,943,-969600,1373431,1031898,-182031,-121601,-149122,58845,-115312,-102467,-152735,rock
944,944,-6955060,3028174,-98754,-226650,-9473,-167665,39033,21279,28655,-105419,rock
945,945,975300,901484,216813,106934,-43177,15429,3283,1257,6329,29,rock
946,946,-681204,1074125,345661,-920830,47409,52239,32965,-37578,142545,-111723,rock
947,947,1875360,-296751,253359,51676,-100680,-327673,-348807,-54703,-211819,-73432,rock
948,948,7724,-200174,920501,28514,-530989,-121385,-26475,52239,9789,1472,rock
949,949,3658172,328789,-196169,-336269,-8608,-257176,46382,-48608,139790,-5166,rock
950,950,2803798,281864,199350,-51680,-137846,-88673,-8982,-27004,-53319,-54717,rock
951,951,6317280,-48544,-289127,222015,-320390,-270962,177296,-153679,-99602,205741,rock
952,952,1936374,1023886,101027,-90300,38037,-101084,169647,96413,188011,-59710,rock
953,953,6602958,-190642,-78169,40511,393909,348270,157694,507030,-28272,114886,rock
954,954,3322152,-41885,-192058,56394,-263564,-96409,-11708,-123433,146510,-45486,rock
955,955,3789210,-584805,25565,-282364,-201956,344341,-417392,-183151,169062,94913,rock
956,956,3052870,-313374,332684,456269,31392,-629993,458993,-32702,-143931,77838,rock
957,957,-3365966,-232440,-332043,184429,247555,-67044,382849,138171,231745,404863,rock
958,958,-5555400,-457398,349036,154906,-70062,39636,18510,89112,247558,-27621,rock
959,959,-2188764,-388469,-8033,127781,14287,-5254,42839,77005,95333,-15681,rock
960,960,-2068948,138116,-430188,-826799,-185978,-343717,-229177,-313441,-126341,58087,rock
961,961,-147562,223898,76360,126129,169275,-63221,-41556,112500,-94870,134889,rock
962,962,-3573774,790411,-31065,-80030,42364,24809,104549,-17296,95603,43505,rock
963,963,-2484154,-492852,8659,-25165,-24064,-90754,1561,-9341,-20000,-25405,rock
964,964,-2823712,-1243067,-1180735,-46250,-176900,-91236,208347,1123,-1989,-5293,rock
965,965,-119250,59773,-1249058,168991,-197151,-609557,277168,6394,-31577,16367,rock
966,966,-338526,-329557,-187599,43306,28252,54360,10320,25923,1147,246,rock
967,967,-334558,302347,-110588,-295189,-305593,-46440,183348,74202,11297,31685,rock
968,968,-5896596,-79418,-56019,426056,-67012,-33536,-38810,98532,57788,17204,rock
969,969,-2217514,156466,288029,31356,-108002,102684,-170366,7197,-33050,7226,rock
970,970,-2313260,19760,-380959,-68501,35880,266554,-113228,51038,10969,1129,rock
971,971,2531518,3061893,100415,-192783,-84182,397266,-163440,-15895,-117559,-44210,rock
972,972,-5120198,-187899,1208944,-199352,85165,-58262,-58760,143726,-18695,22277,rock
973,973,-6916856,274882,-830320,299503,-99174,746930,210660,55258,3194,31806,rock
974,974,376862,-377096,-537841,-124124,-29486,643514,-56530,-100564,26026,6532,rock
975,975,155058,-53005,-585658,-80000,295323,71777,133127,28887,13077,13513,rock
976,976,-6604882,-176253,261150,-93314,214492,-167768,143962,27475,-12762,-4929,rock
977,977,635990,-1687835,-123113,734583,-354178,478306,-137157,-161871,70585,-13109,rock
978,978,9818858,-411877,127070,4268,-89938,21329,-41347,-6327,75437,12060,rock
979,979,-2511832,-12488,-848981,-198939,94641,2432,39296,199567,-59521,-22279,rock
980,980,2174392,-756480,-958259,144954,154711,393159,-55014,-242421,-57227,-14109,rock
981,981,1045618,-68733,-106797,-481173,520087,314001,114891,-183133,46884,643,rock
982,982,2205250,507717,-106670,-63519,87814,-225054,-144179,-42272,-16911,26705,rock
983,983,-1873428,-138563,-463751,142023,-338915,2819,107376,58785,80148,21310,rock
984,984,-4923858,-100639,138385,-288586,-288171,-179337,-296080,-73398,57228,-13592,rock
985,985,-1226904,-715063,325375,122065,134840,30707,50270,-148620,835,-9850,rock
986,986,-310536,-643715,-415680,162207,-444459,74759,102903,-33546,112684,-9999,rock
987,987,-49738,-2094113,803172,-450970,-141264,-103748,244881,-231806,42809,-2199,rock
988,988,173090,908459,385493,457324,-241368,-156913,-125969,205168,56530,-14581,rock
989,989,442352,-742800,-73899,338595,139484,155383,57874,-23420,-9544,-15561,rock
990,990,-12444266,-276555,22496,349527,100767,162805,35665,-5355,52485,-18497,rock
991,991,2820916,810478,-159734,-321201,-350061,341713,234236,-55079,-7146,-20530,rock
992,992,751276,68760,1099833,-666014,64332,29496,20326,157473,16108,1138,rock
993,993,-2984146,-613560,602817,-29455,86432,19636,-32735,26544,54789,7366,rock
994,994,-35776,-414808,295987,1135438,38964,-344714,-12947,86357,-37021,43308,rock
995,995,1170018,136403,111996,-43833,-97615,-51942,6634,465,-3507,-14480,rock
996,996,398442,-229431,-438236,-153745,42974,-86857,-31667,-8892,-8248,2534,rock
997,997,1570092,-1029358,284089,451876,16726,-9,-99683,10236,-7436,-15219,rock
998,998,786376,560986,-357867,-108272,53708,-39729,-4028,72778,13699,-798,rock
999,999,-91204,-225661,52461,-3270,-128068,78421,-90964,51651,8025,12366,rock
