,feat0,feat1,feat2,feat3,feat4,feat5,feat6,feat7,feat8,feat9,feat10,feat11,feat12,genre
0,56253,-3651,-44043,11172,-27208,6232,-53679,17539,-42689,19797,-21308,21643,-12932,blues
1,50979,1431,-7582,11487,-20925,20309,-49851,43785,-48720,14490,-23705,10880,-20909,blues
2,57936,8947,-53746,-2001,-40324,26400,-32916,9838,-37865,15796,-33650,6668,-14499,blues
3,50620,26186,-11634,13342,-22849,25120,-25458,30759,-14078,35858,-21046,21634,-11384,blues
4,54914,2841,-68148,-3092,-86403,5322,-52686,-772,-36105,17194,-29819,-1856,-15076,blues
5,54368,6294,-43948,12232,-74351,8539,-69932,3697,-44319,6980,-50712,1986,-20116,blues
6,54455,33365,-69192,17511,-5800,-5587,-79508,-5268,-29823,-1757,-32481,-7441,-23101,blues
7,54067,21806,-51711,29978,-16686,18676,-86556,11642,-47183,-10189,-30922,-9434,-18270,blues
8,56130,-4343,-32623,24351,-18162,19901,-55171,45706,-25180,45490,-20462,7994,-40405,blues
9,51568,-559,-36107,19310,-74873,-8475,-50080,20957,-59269,16449,-22984,13649,-3666,blues
10,54299,27467,-56373,-2415,-74538,-2085,-51439,19313,-21092,5790,-21466,17637,-9383,blues
11,45770,13746,-13451,37404,-26906,34358,-39777,26505,-35219,25779,-34994,2676,-23547,blues
12,53414,14619,-48362,51634,-26836,-16788,-31885,-8404,-80230,8568,-13974,-4719,-34643,blues
13,51787,5794,-11046,29379,-20372,-13455,-46488,9564,-90826,13128,-14231,9309,-33263,blues
14,46804,9594,-15379,34326,-15339,-654,-45102,-454,-63348,40589,17225,20157,-24173,blues
15,50596,7774,-34301,24660,-27448,-7178,-29073,5516,-87294,17196,-980,2339,-42459,blues
16,50566,3422,-27375,15859,-24375,3283,-38170,6773,-65410,41428,-1113,6731,-45233,blues
17,50624,27895,-38923,53795,-4672,-13374,-52374,447,-74372,13649,7704,4622,-36379,blues
18,50030,-1074,-5641,25915,-26540,-4325,-51093,-445,-81619,27451,-2443,28752,-16965,blues
19,51366,22602,-33734,32186,-28688,-18258,-39875,-6616,-71618,27005,-10625,3348,-31710,blues
20,49583,3947,-10930,12442,-31365,-5773,-49633,13990,-64562,29342,-14944,9409,-42326,blues
21,49784,22937,-14214,34160,-9599,6226,-30811,1696,-77948,40544,11053,6027,-30713,blues
22,51674,21199,-29082,35567,-26197,-11035,-26902,7806,-73749,41753,13471,3521,-26289,blues
23,51433,23574,-45159,54945,-26303,-13208,-44208,-23650,-53898,-13690,-16038,5299,-31472,blues
24,49519,26212,-37443,74461,-17418,-12552,-39523,-19051,-43972,-6472,-16559,8068,-23093,blues
25,50210,21597,-36702,68093,-11154,-16140,-44385,-6032,-34800,1205,-22199,16276,-16031,blues
26,48277,17277,-35045,61354,-21223,-1755,-42871,6122,-38506,5032,-1819,4995,-10727,blues
27,52948,20843,-64023,66235,-29590,-23860,-43031,-4881,-33795,-18585,-14372,7014,-468,blues
28,50547,30423,-48395,51637,-2832,-3506,-44312,-12722,-63800,-5006,-26892,1542,-17048,blues
29,52054,1519,20456,6495,-21972,34589,-68911,28574,-75482,18840,-39171,5648,-8641,blues
30,53836,12949,23849,11560,-25622,24652,-72117,42372,-72544,6462,-46575,5904,-32142,blues
31,53485,10803,17506,12464,-20138,26317,-78339,19546,-74337,3886,-42693,5732,-14701,blues
32,48853,11067,16940,18995,-10338,58752,-54288,30899,-47914,17875,-51943,2423,-34471,blues
33,52444,7714,39246,16359,-35058,35311,-71313,30545,-70732,11943,-56815,65,-23556,blues
34,53016,2693,17531,5444,-28983,43537,-69081,29599,-84689,6238,-35389,-1957,-18854,blues
35,55012,9346,11386,-5708,-32762,36759,-71404,34147,-55736,2426,-55312,4704,-29197,blues
36,54546,14517,17957,7125,-33085,24153,-75795,19626,-78836,-11023,-47658,-1,-23319,blues
37,47357,14977,-3527,12131,-26767,44122,-54220,26733,-60570,2629,-33893,-3350,-20283,blues
38,54158,4523,21858,4972,-20423,35824,-75699,18095,-58758,18581,-75348,-13665,-31191,blues
39,48167,24507,17612,10072,-22417,36574,-54077,11157,-62272,818,-44131,10743,-17054,blues
40,58025,-28767,-20456,64234,-33332,29799,-43207,9506,-59095,14764,-37139,679,-20867,blues
41,58158,-31457,-17219,32661,-23782,33787,-26167,38182,-58922,12089,-32483,12314,-4099,blues
42,56858,-36116,-27742,70396,2060,58128,-41881,29294,-35078,7741,-58185,11793,7104,blues
43,56875,-23642,-19268,24659,-19094,41787,-33976,36276,-59362,10003,-56337,1972,-14959,blues
44,58008,-31070,-25756,52314,-16735,52764,-38948,27061,-44244,6048,-48979,18114,4020,blues
45,54627,-22277,-1003,92304,1193,41929,-46087,21901,-44723,-339,-51918,2934,56,blues
46,53132,-24178,3847,66587,-5833,39387,-48147,15166,-51095,-4637,-39751,5137,-3612,blues
47,55514,-22661,-5405,71141,-32138,27113,-54715,5783,-74215,-10097,-50960,16483,9048,blues
48,57672,-20154,-38754,40454,-27727,31028,-40819,28683,-51391,23739,-42417,10290,-16317,blues
49,50045,1102,12804,77320,-21378,46693,-50587,-19734,-65138,342,-57773,-11554,-3948,blues
50,58572,-15890,-44803,37700,-7740,37615,-38706,14704,-44304,15133,-35949,16446,-20284,blues
51,60759,-12128,-60289,45349,-17148,-10615,-42889,27980,-13646,32900,-22330,22944,-34580,blues
52,51704,9988,-48250,68883,-92,10247,-11969,14685,-41122,15412,-21803,5597,-24529,blues
53,60469,-18468,-72421,44208,-23962,2458,-39912,21332,-29546,24453,-19306,22563,-12667,blues
54,60433,-16716,-58109,46661,-1558,20907,-52777,19223,-22045,30569,-19915,24338,-28755,blues
55,58629,-17903,-62881,45711,-11034,7977,-29163,28767,-35971,23880,-21526,23537,-17364,blues
56,55877,-10186,-31675,50746,-10871,20011,-27279,23319,-41209,28206,-30457,10766,-21678,blues
57,58590,-7227,-57422,43711,-5184,29525,-52238,27705,-27231,11138,-23688,17784,-23469,blues
58,58746,-14453,-51755,44224,-25607,-2634,-50750,8092,-55323,16085,-10903,31202,-21481,blues
59,60243,-29287,-49877,60287,-14305,209,-32477,21208,-35471,26447,-26123,13156,-22067,blues
60,59873,-14579,-56742,43379,-3248,29383,-42641,23026,-36449,17349,-21831,21710,-22434,blues
61,61149,-34875,-56338,74897,-54603,31955,-47742,34327,-25832,4674,-34905,11275,-26664,blues
62,57277,-21812,-49506,33940,-64617,32181,-30842,22770,-10604,-49,-29460,22239,-37909,blues
63,58104,-43365,-24005,27397,-70793,7576,-52478,7567,-9187,22306,-35451,2271,-31675,blues
64,59806,-35592,-38425,44322,-76690,-26144,-47369,-1351,-19170,16420,-24832,7393,-37919,blues
65,58840,-40981,-39146,20245,-70421,4629,-55572,9205,-17683,13604,-38098,11468,-39108,blues
66,57791,-27655,-36683,29123,-52200,17007,-46319,19689,-21712,16342,-34333,31130,-16875,blues
67,58898,-22054,-43312,23536,-68433,-806,-33484,12267,-23129,20648,-29120,12174,-29172,blues
68,58091,-35094,-31921,28422,-79792,-19455,-32154,18098,-12049,27591,-29255,5498,-28700,blues
69,58487,-23508,-43787,28952,-86069,13984,-63237,49,-37107,14303,-44361,16033,-40439,blues
70,56592,-14291,-45115,13468,-66251,8201,-65239,28766,-20517,7107,-22019,18448,-19008,blues
71,59396,-31373,-37795,38423,-75686,-14676,-37277,8157,-23280,30261,-22651,12453,-33198,blues
72,58158,-33942,-1060,28518,-86988,-3180,-59432,3499,-10962,-14533,-29383,5919,-51875,blues
73,61990,-19123,-44506,31004,-39153,67,-58192,12818,-42806,7598,-26610,29544,-9960,blues
74,61054,-32327,-23187,4722,-27314,26778,-72020,23783,-39321,20296,-24956,16593,-1605,blues
75,58832,-28624,-37097,28723,-7237,32106,-48131,23447,-40641,14606,-12120,16751,-11119,blues
76,62510,-40866,-45200,26727,-11199,30030,-31796,27863,-37310,47079,1348,-423,-19243,blues
77,61897,-21913,-51049,3224,-15170,37955,-50633,29779,-26052,22176,-27187,8376,-21210,blues
78,63198,-27092,-53973,7907,-30149,33802,-51142,27239,-34177,21540,-31928,17800,-27999,blues
79,63735,-33305,-44431,16001,-15892,38384,-39010,29718,-10250,16083,-40869,17964,-37337,blues
80,60624,-5479,-62756,8979,-39979,20875,-38002,23089,-25118,23091,-34772,16879,-13227,blues
81,62890,-17522,-75319,7849,-44469,22530,-32967,13606,-26997,16640,-38407,37668,-21804,blues
82,62235,-16057,-51408,3370,-43603,9933,-59896,31289,-32635,19580,-9734,4901,-16714,blues
83,62467,-28443,-53316,24117,-30026,33948,-42801,44891,-14209,19049,-24089,30482,-16277,blues
84,61422,-15868,-60373,21,-18519,18517,-48446,27857,-21208,25151,-32369,26918,-21536,blues
85,54603,14297,-26726,20034,-7728,27755,-43841,6114,-50722,-1304,-14760,20787,9515,blues
86,51317,21219,-7855,22513,-7186,25476,-41559,19780,-38878,16428,-6480,6005,-14286,blues
87,54636,6714,-12692,33842,-25900,26676,-54098,17116,-43472,-4697,-19430,19635,-14044,blues
88,51434,28189,-18436,27916,7509,19427,-36312,29965,-47228,-70,-22920,17815,-14603,blues
89,42892,42546,-1051,25390,-1476,22582,-14335,34846,-37225,21705,-3889,5575,-12286,blues
90,53775,224,-6005,44172,-10859,29192,-55103,32152,-53424,5094,-12623,26599,-12886,blues
91,49433,37521,-19603,12671,-2918,37062,-15319,33292,-19438,30746,-26975,13252,-14066,blues
92,44849,27152,6302,42906,9603,38106,-33876,16429,-45667,17524,-12183,16083,-3743,blues
93,44533,66990,1998,491,-3058,35531,-19946,27922,-17489,10673,-23388,15056,-21728,blues
94,52124,13364,-16033,37510,-3783,29646,-21782,31574,-26399,18348,-17461,15397,-7060,blues
95,56333,13764,-18055,13575,-36173,14196,-49811,66991,-39874,-1990,-10162,25024,-16231,blues
96,46702,26904,-6465,9679,-52722,4638,-32475,10030,-47558,12155,-56420,5478,-29505,blues
97,55226,22013,-26833,37562,2538,9069,-31381,31872,-39128,13315,-25602,-1170,-1095,blues
98,58620,-28633,-46466,34092,-40489,29233,-19640,18642,-31256,25054,-33127,12241,-22521,blues
99,52929,7818,-53208,17873,-55952,18495,-4441,-1760,-33910,11553,-33536,21106,-25373,blues
100,49871,9486,-78481,-14557,-47975,20750,-26429,7310,-47484,17508,-12189,21818,-681,classical
101,48158,18095,-73750,-17937,-61809,27801,-17647,-9,-53913,1125,-23396,12943,9015,classical
102,50725,9735,-71192,-7402,-51945,23645,-26365,1204,-57741,9168,-18290,31574,5367,classical
103,48398,10516,-94556,8598,-49885,27895,-4868,-16894,-37205,19135,2865,6007,7942,classical
104,51804,-289,-85934,-5786,-51571,6066,-33483,-2051,-38988,12245,-46420,-787,-15519,classical
105,48259,17465,-71762,12044,-42928,-13799,-53717,3841,-35084,17274,-29185,9007,-7218,classical
106,47292,15377,-64553,16219,-45164,-9078,-60107,8021,-37606,24441,-30251,15852,3783,classical
107,47317,17574,-66731,13995,-43511,684,-37759,8418,-32242,15812,-21423,8998,-12068,classical
108,47305,10475,-70554,10234,-46328,-12037,-58376,13447,-26963,28337,-27718,13643,2193,classical
109,43309,18970,-42967,31197,-50191,-12970,-37054,14228,-41393,23377,-33562,4404,-6319,classical
110,46557,11169,-75441,-656,-53060,-3434,-41229,1477,-32993,29944,-6856,18308,-274,classical
111,43796,55295,-59336,-12631,-36660,-22149,-49730,-16941,-29833,27603,9556,19589,-18286,classical
112,44862,34576,-69779,-3225,-47689,-21136,-51483,-8828,-40462,25284,-6585,28663,6770,classical
113,45964,23057,-76064,1349,-43101,-10640,-49581,-747,-33093,27526,-11971,11448,-17460,classical
114,45900,31323,-76259,-133,-49009,-24151,-63534,-11101,-39033,19524,-20329,13011,-5458,classical
115,40499,14101,-72283,-6825,-51453,-4349,-28637,37199,-17366,41371,-9960,14562,-2064,classical
116,36216,33892,-30740,4105,-45349,-10358,-47846,9224,-45262,-2122,-52141,-7877,-12709,classical
117,46860,25335,-76462,-27477,-59609,-3869,-47319,8239,-37365,18875,-9465,23576,-4037,classical
118,42652,37751,-64431,-8475,-38257,-15424,-51165,8071,-16407,37492,947,14421,-9620,classical
119,36475,22210,-51061,7875,-38410,-5633,-28834,25712,-27579,21119,-37415,9024,-235,classical
120,47451,34255,-72141,-3095,-39952,-9646,-47809,-314,-36610,21355,-27422,4082,-7606,classical
121,47994,24299,-76629,-7260,-53370,-20644,-56459,739,-36726,16460,-35587,9192,1257,classical
122,48069,32488,-69799,-7801,-37814,-9612,-44044,-1726,-42349,15995,-9246,29590,-12620,classical
123,40808,32705,-36523,13675,-21395,-10167,-47781,6565,-46154,14394,-46157,-7657,-16850,classical
124,51705,31450,-71916,-5646,-47572,-9231,-40279,3630,-47823,6457,-20051,17159,-7253,classical
125,51187,35937,-69648,-7522,-40399,-11440,-45301,-208,-52575,1862,-21135,29025,-3472,classical
126,47114,33815,-83534,-24188,-46136,-7270,-38900,-2653,-40401,14147,-15700,6479,-7495,classical
127,44381,51410,-40644,-12529,-50681,-16082,-47738,-3908,-41379,17982,-29628,2375,-10614,classical
128,51824,29194,-76060,-10347,-44908,-691,-41828,-8647,-49859,14153,-12348,14454,-8264,classical
129,47823,10390,-79589,251,-46224,-7802,-48623,15101,-40408,21179,-19698,19749,-2172,classical
130,45515,31240,-69803,9964,-43832,-24647,-59618,275,-39850,3430,-45969,-18899,-25709,classical
131,41465,52635,-30071,10781,-31135,-2448,-48660,578,-30219,2285,-36930,-18745,-24405,classical
132,35009,53903,-16223,1462,-45760,-7281,-46760,-291,-32552,-4126,-47905,-21038,-26899,classical
133,37475,34941,-58882,10692,-35761,-11604,-40519,-2508,-33418,4420,-42342,-4474,-3124,classical
134,47849,19308,-71144,21864,-37197,-10914,-47093,-2997,-52751,4064,-50108,-9905,-11088,classical
135,45785,47383,-54848,14793,-20751,-5338,-47631,-10085,-29719,3221,-35177,-13239,-11148,classical
136,40374,26873,-46007,7752,-56100,-3492,-65820,-27216,-55408,2237,-34166,-5746,-20548,classical
137,48971,15264,-89765,11393,-40935,-11041,-58470,-11643,-37223,16244,-31583,-13552,-14126,classical
138,48370,30182,-82761,4261,-38631,-10088,-60880,-22157,-50556,3681,-30876,-4899,-12955,classical
139,41964,-1447,-68009,-9059,-37811,11988,-42676,2065,-40489,57648,-6811,-13906,-9661,classical
140,43887,18617,-73612,-3453,-54609,-12997,-64638,-5064,-39370,10435,-37041,-6504,-20541,classical
141,43093,24046,-82746,-1183,-41734,-16271,-63174,-4194,-42003,-549,-38813,-2593,2421,classical
142,58137,33149,-92974,-44085,-28345,-25197,-27606,-23211,-22161,1460,1507,-10215,-15150,classical
143,52609,42891,-12576,-61583,-36123,-37765,-47054,-31873,-31079,-24406,-11753,1361,1431,classical
144,43867,31838,-63973,-22059,-32835,-31314,-31057,-52627,-31535,2683,-543,4076,12713,classical
145,55784,32841,-52580,-39438,-33750,-33492,-33506,-26429,-22850,-16533,-14060,-3878,-7936,classical
146,57965,-9837,-62372,-13845,-30612,-6907,-34425,-12892,-21056,-8474,-5963,272,2800,classical
147,39237,33084,-59466,-27403,-23643,-32246,-32714,-22468,-35602,-25547,-5171,1874,-6916,classical
148,57822,16614,-56408,-16771,-20490,-15324,-23575,-23355,-21315,16809,-3958,-10531,404,classical
149,57231,-19505,-54934,-16036,-20690,-11150,-22347,-19684,-22933,-1622,4009,7594,536,classical
150,36456,26901,-45546,15123,-17049,-29699,-31008,-28450,-13568,-1453,-14129,7527,10622,classical
151,49097,-464,-14604,3881,-3160,2832,-7405,-11123,-16658,1478,-5413,809,-668,classical
152,52121,-30978,-41868,-12032,-15681,-4690,-10197,-5508,-19676,-11761,-14444,7954,2380,classical
153,57804,18942,-81013,-8872,-24961,2063,-12054,-5464,-22333,5260,5469,1758,-600,classical
154,60643,6141,-74959,-6951,1209,-36736,-57555,22855,7015,-7487,-3201,39415,4669,classical
155,39314,45397,-38840,-40172,-33248,-30155,-29809,-40907,-51264,-30998,-1061,2399,2724,classical
156,59924,6679,-74344,-949,-4880,-34919,-19498,11202,-27975,-3624,6812,15829,-15438,classical
157,43967,789,-56254,-27987,-23817,-10133,-14499,7635,-22390,-35167,-20343,2270,10716,classical
158,47464,37448,-61706,-38655,-16749,-9442,10292,-26084,-30210,5289,14129,-12602,-11348,classical
159,52871,11141,-76893,-2460,-27260,-20924,-31309,-21626,-19358,-6791,66,-3373,151,classical
160,53835,-2006,-69202,-12804,-27338,-21165,-32733,-17903,-16931,-5998,-7140,-5050,-1008,classical
161,49270,27131,-61759,-16449,-9503,-6810,-15634,-25749,-15011,-4798,1320,-5755,-4294,classical
162,45488,16883,-46218,-15295,-7185,-10837,-20602,-10285,-9358,-9495,-6518,-19698,-5882,classical
163,40058,55803,36562,-37849,-33060,-43572,-41960,-37326,-24822,-15122,-3395,2674,7205,classical
164,36689,29810,26007,-36031,-39123,-41575,-31626,-27688,-16924,-8987,4108,6216,-1525,classical
165,43035,54853,1303,-54299,-44740,-38931,-33233,-40141,-28020,-21531,-14531,-6583,-2756,classical
166,43334,56656,2353,-46558,-36996,-49360,-43467,-38511,-24439,-9063,729,4739,9204,classical
167,40508,35543,8285,-29264,-40178,-40404,-35502,-34077,-15595,-7844,-2331,476,-1031,classical
168,52022,15097,-85950,-25298,-34603,-21161,-17746,-27940,-34457,403,2288,2731,7780,classical
169,47394,25519,-80769,-24934,-32864,-22073,-12282,-21588,-23836,-2798,-4506,9892,17726,classical
170,45486,20696,-63362,-9863,-27109,-34404,-19550,-15801,-18345,-2238,-3404,-5456,5272,classical
171,49159,19884,-71245,-6928,-34651,-39615,-28956,-20018,-11057,-2977,-14138,-6226,11711,classical
172,42929,18452,-54469,2623,-8602,-33753,-23192,-3303,6695,2349,-4910,375,5137,classical
173,48444,36953,-73421,-25475,-38457,-40699,-24664,-26918,-18540,8990,15633,12324,11976,classical
174,46936,21894,-66640,-7426,-31599,-36811,-25212,-20926,-17540,-3741,-8359,-652,12404,classical
175,41863,33935,-64935,-722,-23956,-49500,-23884,-16506,-5840,3515,-6492,5898,21293,classical
176,50083,24474,-69764,-6012,-25654,-34074,-24977,-26347,-21131,-948,-1659,874,8528,classical
177,38279,65837,-38864,-22260,-44876,-46934,-50123,-31551,-5621,-15820,-2512,-4775,-15199,classical
178,33836,67787,-12610,-11607,-43987,-45295,-39438,-37390,-15625,-24737,-2970,-4041,-3695,classical
179,40985,67853,-43014,-29782,-41423,-39113,-40277,-21990,-9408,-24813,-18152,-20817,-8095,classical
180,29761,27098,-8230,10656,-7746,-24493,-11051,-20666,1658,12890,18589,12900,13667,classical
181,42239,31811,-54359,-20793,-8651,-29857,-22300,-17592,-20610,-17235,-12628,-7016,-3800,classical
182,50305,20266,-85815,-20433,-47051,-43470,-30131,-39504,-28458,-10957,2706,-6719,-1031,classical
183,46696,68035,-57694,-35714,-36630,-41993,-44167,-43049,-24319,-23711,-8484,-1835,10093,classical
184,43164,54316,-69941,-24727,-30943,-34689,-45257,-33763,-26692,-17770,-128,-9310,1577,classical
185,49459,18050,-79286,-21470,-40401,-27652,-22218,-24391,-22429,-16688,2715,-1424,-2344,classical
186,47004,26528,-65648,-13585,-41432,-26278,-32895,-23608,-20209,-5263,8890,-1347,-3694,classical
187,42569,59778,-49606,-26936,-27525,-45057,-45941,-42363,-25737,-25178,5118,-8794,-6043,classical
188,46035,28043,-74101,-14722,-32985,-29108,-31117,-35752,-29854,-16257,6302,-36,10562,classical
189,52635,-41795,-104270,-811,-34677,25487,-15860,78813,15121,25913,-51795,-18056,-13267,classical
190,49894,-23300,-92878,7187,-55609,-6980,-45567,23947,-29490,50006,-7436,17477,-15094,classical
191,53425,-24801,-82624,15363,-31099,16503,-26371,44872,-29998,3196,-50755,7047,-22967,classical
192,55613,-107,-88270,21996,6054,13487,-47797,-46550,-13781,60725,-38124,-16128,13013,classical
193,54786,4757,-83861,-21271,-16377,29869,-30091,-1650,-50622,14981,-4804,12512,-37245,classical
194,40765,5387,-62469,19284,-26725,13098,-35747,35028,-20157,35806,-11595,13824,3619,classical
195,43263,-10926,-84900,24288,-31285,-15417,-47867,38407,-11365,39036,-4693,19479,-3731,classical
196,53078,-6809,-86406,17344,-33429,2572,-46410,27522,-23676,31559,-19197,13542,-8245,classical
197,48703,7181,-61140,-5460,-38107,-516,-68618,13575,-51967,22175,-11690,28265,-17109,classical
198,48623,-13707,-78777,14663,-41601,8693,-46866,26355,-30546,18020,-33707,5414,-28165,classical
199,41841,-2417,-53334,11089,-55078,18893,-32683,33680,-25384,30389,-3753,48020,-32331,classical
200,62719,-38416,-18729,-220,11449,-10149,-1140,5262,1786,19132,-93,7075,-3964,country
201,63083,-47072,-26703,3306,3900,994,5652,19886,8354,20724,-2945,6741,10484,country
202,57291,-25564,-7831,15459,14386,-3792,-9067,-3164,-26257,-1060,-20095,-3940,-14062,country
203,60732,-17594,-37994,15790,5741,-31387,-18636,9292,-15397,24551,838,-953,7221,country
204,62365,-45344,-20109,5516,-1775,-11976,7064,16907,6459,21282,-4230,14526,1002,country
205,63005,-47282,-35534,-534,8423,-3174,-10115,26096,9470,23531,83,7657,-3458,country
206,63193,-40179,-19426,-6972,14893,-3094,-30857,35594,-218,-6403,4451,2648,-2052,country
207,62756,-44151,-13096,1816,4331,9544,-11703,13142,4386,27268,9750,10968,14954,country
208,63226,-33775,-29559,6484,-4822,16636,-11192,-1386,8179,28044,-4097,19164,12841,country
209,64635,-52175,-23004,-2707,519,-15949,-6867,11148,-3135,23185,584,-3789,-1719,country
210,51988,-3519,-23204,19850,-20110,-31618,-30099,-11376,-24887,-10497,-4369,-5507,8294,country
211,54093,-32397,-18213,-6609,1419,-28616,6651,5515,-21057,25089,-12065,9011,13314,country
212,54753,3932,-21567,4157,-24310,-22178,-46784,-15673,-15964,-10339,-7583,7186,-997,country
213,56207,-35330,-29657,-14175,377,-22713,3054,-8232,-13066,5198,-7281,-8023,-10745,country
214,56395,-35647,-5063,-15097,-4501,-11897,4574,-19409,-6763,-1171,-17047,359,-10730,country
215,55857,-11054,-29945,11228,-38728,-11192,-50271,10310,-21040,-5843,-25102,-11998,-4618,country
216,51780,20214,-34432,41717,-43595,-41522,-59755,-26254,-17418,-22514,20485,-10680,-19674,country
217,52808,8040,-20819,541,-19327,-38604,-28162,-13389,-21493,-10496,-13281,2263,-1280,country
218,55632,-13302,-38162,-15690,17903,-6015,-14303,-11274,-21205,-3516,-30556,-3626,-21663,country
219,49643,39430,-43367,-1046,14297,-33456,-9279,-9599,-33227,-2957,-9190,-7514,-1520,country
220,54953,-26631,6719,29587,-20638,14889,-22099,6541,-33277,-285,-4107,5980,-12575,country
221,51960,39762,-38888,12153,-2421,-19422,-34008,-27637,-19216,-7877,-10328,423,-10270,country
222,52222,-1370,-24942,16765,-2031,-50782,-25428,-4402,-38813,-11577,-6314,-7137,-3836,country
223,43216,5356,30480,3749,16038,-6034,-15960,1578,-2195,-6490,-10141,-1769,-7114,country
224,54005,3769,-38977,20172,-20539,-27034,-44524,-16411,-25752,-4098,-29094,14198,5849,country
225,50911,4899,-18127,8776,-5619,2378,-21481,-22211,-23932,-11485,-17670,-1705,-17119,country
226,52513,26685,-30964,-4053,-4458,-20499,-12235,-2131,-27677,-3873,-4021,4482,9348,country
227,57072,-8134,-52857,6383,-2543,-33008,-667,-14142,-13529,-1298,-7407,-2700,-15797,country
228,52962,10568,-38241,4777,-5289,-35851,-22903,-17287,-20235,3407,-6679,-25379,2580,country
229,53495,30339,-40118,-681,-10256,-46520,-36269,-7263,-20596,-12581,5295,1732,-20545,country
230,49394,16624,19371,1209,-23878,-32331,-46697,-39696,-28497,-6788,-7440,3281,2071,country
231,55790,-9239,-48848,3914,-16927,-36613,-15439,-7653,-10579,18941,-44,4394,4779,country
232,49995,-9359,-20209,28781,-20132,1013,1919,6574,-18482,1363,-15112,1551,-951,country
233,56905,-28014,-38981,13766,-35107,-15283,-6412,-14311,-10476,2003,-16435,2873,1271,country
234,54333,-26538,-32414,-17730,5685,-10548,-7901,4514,3321,-5597,-96,-6481,-10937,country
235,56095,-19346,-28721,-8149,19917,-47600,-2714,4944,-55328,13003,4109,-14929,-6196,country
236,44534,-6624,-32773,37913,-4815,-59,-12794,-5260,-21649,-2985,-13413,-803,-14166,country
237,52602,-10354,-18092,-6110,24010,-15704,-26749,-16566,-25092,7666,375,-13563,-6103,country
238,56550,-36458,-13387,-15593,-9231,51,1035,13530,-2601,-5412,11217,-8901,-9301,country
239,59916,-65403,-17021,15297,-1858,-19658,-14078,6918,3301,-3633,526,8758,-2217,country
240,56982,-26287,-29237,3752,-15556,-31295,-74,5241,-15661,-11055,-15912,-3619,-4831,country
241,56669,-29080,-4091,10307,25773,-33172,2738,3295,-25170,-1734,4479,1852,-479,country
242,56588,-26639,-9262,8084,1475,-2121,-16296,-33268,-13792,1607,-19114,-4015,7006,country
243,57147,-27859,-51696,-14385,-318,-4049,-19128,-6853,-8518,-1697,-2729,-14169,3261,country
244,54454,3977,-29996,-20577,19573,-14656,-6348,-7992,-11148,22,20514,7270,2960,country
245,60125,-35170,-41010,-13712,-5464,-31940,-19898,-3293,-3179,17094,-6661,2815,-2305,country
246,57452,-9964,-63019,49186,-19563,-37647,-25937,-5990,-10458,-11923,24403,-24485,-14918,country
247,55326,2146,-69963,22046,-19323,-19383,17743,-25478,-11759,3327,-38328,13788,-24635,country
248,54306,-7246,-4813,994,1449,-49796,4725,-24149,-44869,8475,-10740,-2558,5384,country
249,56891,11145,-49810,-13060,-29466,-31295,-27508,-918,-4657,-8090,11473,-8272,-2170,country
250,54991,-3050,-34466,17065,-38005,9267,-33036,24191,-38182,24992,-20083,8093,-15917,country
251,52391,6207,-32880,28933,-13989,15025,-51512,24566,-53860,23058,-27486,238,-22804,country
252,48041,17858,-11128,30255,-31690,9998,-12684,38560,-48952,27639,-5154,9826,-9974,country
253,58424,-24438,-33627,23658,-39958,3970,-52344,16855,-47864,23537,-31057,12753,-29698,country
254,53507,-5571,-12728,42407,-23659,13896,-48700,20934,-55723,7957,-21053,5393,-31525,country
255,57842,-6692,-36143,4513,-35929,7621,-46697,21943,-44997,28145,-23940,13419,-14923,country
256,54133,441,-15338,25456,-29324,9768,-29975,28800,-37039,40727,-20170,1707,-23597,country
257,55811,-1494,-33089,22684,-30140,561,-21881,12225,-54010,23127,-42454,15794,-12322,country
258,57132,-5628,-17327,21976,-50578,-103,-38700,28581,-39142,13507,-11181,14198,-32378,country
259,54468,1512,9281,34003,-35208,-1755,-53659,26298,-34978,6546,-13783,7100,-22152,country
260,53089,6241,-3029,28012,-14537,14733,-38967,36102,-35209,25606,-18909,17402,-16778,country
261,52283,9368,-7770,23626,-31335,8138,-51188,21236,-34182,14736,-16870,17281,-21298,country
262,57787,-19296,-29971,7905,-45144,10755,-47213,29812,-31921,24506,-12898,8947,-26523,country
263,53906,2360,-9685,25611,-35337,6642,-49009,32349,-41440,7435,-11586,16173,-10517,country
264,52060,9163,-32263,6274,-34831,3163,-59766,29049,-33665,472,-18974,19400,-24773,country
265,50716,51783,-30095,20859,-28277,-4211,-14117,-4900,-37628,2319,-41051,16146,-25697,country
266,58147,4723,-76211,-5361,-31811,31485,-21621,25786,-35723,20061,-16007,9170,-18141,country
267,45669,47682,-3635,16586,-18978,1085,-19502,16319,-68762,-1137,-29075,9715,-18178,country
268,50232,34400,-40818,7997,-27631,17017,-16666,28885,-29899,5804,-31284,2568,-22085,country
269,52035,12376,-52577,42980,-13464,3825,-37957,30700,-27266,22694,-26712,18585,-9070,country
270,57773,-4080,-56624,16037,-45066,31392,-31932,14844,-36981,21733,-26079,20934,-15039,country
271,53806,36470,-54202,-900,-32483,-19388,-27415,-3584,-56219,6515,-40323,8644,-36598,country
272,57803,1779,-49532,1368,-59004,-8562,-29273,23163,-50158,14988,-24816,24220,-22831,country
273,53369,5170,-38537,25593,-27144,9778,-35920,3950,-53181,24300,-44910,20750,-23598,country
274,51345,14837,-47395,16297,-29645,11156,-27549,8331,-51044,19339,-21670,29414,-26291,country
275,60337,-22864,-40375,12476,-38808,49094,-23754,13588,-48980,15593,-19651,26192,-22236,country
276,54716,36342,-50409,20813,-39665,-13512,-20242,3641,-37938,2232,-26170,16192,-10926,country
277,57305,17668,-78046,-6671,-43797,-19937,-5665,24834,-42332,25899,-33852,10189,-22132,country
278,45418,32774,-35871,19115,-41228,24436,-6538,19529,-22774,24775,-20832,27880,-7711,country
279,52520,52590,-20564,-6387,-33903,-17539,-41900,2183,-43934,302,-44164,11546,-28312,country
280,57728,-10618,-29357,14301,-20805,16871,-30236,26862,-64361,27265,-40821,20335,-14769,country
281,59068,-16612,-40033,16249,-21033,-2842,-55354,7924,-43090,31946,-24314,15155,-17083,country
282,59505,-23301,-32997,23304,-25135,-1757,-57648,6105,-45615,32171,-34622,13184,-16822,country
283,55023,13974,-39061,18718,-17859,-2699,-50052,12573,-36040,34004,-23438,22044,-2234,country
284,59331,-9968,-46418,28316,-23987,-12436,-59231,-6669,-40807,23787,-29646,16080,-14020,country
285,55890,2472,-43140,21363,-12809,10789,-31381,21174,-34698,31744,-15661,18958,-8346,country
286,56478,-9240,-34260,29936,-13389,-1203,-42763,4698,-39520,27512,-25566,10031,-15921,country
287,54540,3771,-45863,14917,-22340,1392,-41886,2972,-36355,39004,-24878,10344,-17424,country
288,56208,-902,-30532,24277,-17571,4696,-47055,14803,-34498,19094,-20091,22769,-15875,country
289,52151,19249,-30201,10170,-9183,3037,-29907,14546,-40815,34232,-16212,23763,-6142,country
290,58259,-8659,-54443,26388,-16779,-3125,-50291,3879,-38304,34299,-29395,17499,-16615,country
291,52666,5670,-47083,29785,-23088,992,-34175,14413,-37216,24615,-17334,12323,-5350,country
292,60932,-25504,-49391,47265,-35154,908,-64701,-4747,-46753,18433,-19616,14825,-18920,country
293,53236,11091,-45297,26125,-41825,-23194,-49716,9880,-51850,6543,-29906,17232,-6850,country
294,57897,13095,-45646,28115,-7402,9945,-48524,26413,-44025,23613,-18636,14178,-3156,country
295,56655,9438,-48891,26314,-20876,5364,-51175,32848,-56069,14485,-16157,17442,273,country
296,60519,261,-60809,11940,-5337,7310,-40026,23433,-48750,19297,-28872,23929,-2205,country
297,55845,6550,-42589,31543,2251,2393,-44953,27156,-50012,31300,-20595,23178,5921,country
298,56703,13612,-48152,25186,-29338,-1264,-48943,10293,-59244,10705,-20714,25062,-1435,country
299,61070,-19037,-43748,17224,-28304,6737,-38792,21237,-43359,27345,-24219,14978,-13042,country
300,56362,-20633,-4442,-15410,-9815,8862,-14220,-4508,-3866,-17607,-8658,-15199,-8227,disco
301,63511,-55640,-38059,-5580,340,15897,9272,231,-16152,15322,-2813,-4224,-6092,disco
302,61602,-50796,5410,-19668,15825,-9634,-9408,3033,-11174,2326,25171,797,-13737,disco
303,62384,-55734,-18341,31747,10388,26170,-2589,15103,-5187,15893,-10071,9926,-6006,disco
304,59062,-49428,-19530,-33216,-22936,-8543,-3344,-1727,-15939,-4450,8107,-6033,2786,disco
305,63034,-39323,-40342,1012,159,-17757,7577,33375,-22044,16319,8346,-5959,-9747,disco
306,62865,-47629,-46013,13549,-18543,393,17572,5430,-25483,13207,-10970,887,-9393,disco
307,60674,-46748,-29656,11642,-14627,7051,2232,-8274,-12789,1116,-908,1998,445,disco
308,62542,-47268,-58041,5750,-2424,2677,-21261,9501,-17398,1080,-3011,-2947,-3876,disco
309,59776,-44675,-46030,7687,2810,-1096,-34731,3185,-10704,-8526,-19057,-14702,-20,disco
310,63425,-50533,-42447,1322,-1802,11132,-196,15598,-5637,11216,2320,2381,-9483,disco
311,61437,-44809,-2387,-12452,-1022,9492,-1885,31380,-10558,2466,-5969,-25616,-11382,disco
312,60536,-42900,-40446,-5170,7466,3180,-9993,19201,-13407,21607,-272,-3166,712,disco
313,61623,-54044,1077,10868,-14719,-12948,-14702,-2667,-2276,-856,-9608,-18126,-13711,disco
314,62186,-49751,-24039,2315,-5711,-5663,3433,15008,-6686,20065,-9983,-2896,31,disco
315,60227,-14465,-3338,-28378,-17723,-33381,4314,6955,-33387,-10717,10429,-4171,-18,disco
316,61622,-31875,-28450,5319,2470,-13032,-13966,24636,-3804,16403,6377,-51,1151,disco
317,56806,-24607,-22001,-11359,-14129,-30305,-24168,-14429,-26206,-10193,-3510,-5294,-3693,disco
318,59632,-42132,-9907,-40111,-11357,1899,-226,-3816,-29392,19726,2196,8392,1187,disco
319,57711,-7311,-59435,-11579,17844,12618,340,2320,665,17693,1525,-5959,300,disco
320,57706,-11850,-47502,15255,-40806,4701,-30409,2385,-19140,2377,-23652,-103,-4278,disco
321,57375,-39738,15120,-21455,2663,-11375,-7920,2110,-8722,2036,-3854,-4456,-9431,disco
322,60297,-58160,2278,10156,-1277,-24066,2731,-1342,-12572,-8902,-535,-2204,-9707,disco
323,61616,-49740,-13208,-4201,-8265,-19878,-18772,-2936,-22638,2327,-9704,-9506,-1212,disco
324,58734,-28777,-39288,-36801,357,-11109,-2623,10089,-6827,1070,2881,-10249,-7294,disco
325,55083,-20382,-31069,-18150,-18123,-29222,-8819,-10693,-13720,-4083,-12566,-9144,-6205,disco
326,59432,-42520,-9289,-5543,-3204,-7673,-8011,-3280,-8747,6393,-11386,-626,46,disco
327,54818,-44107,8015,17651,26015,6856,1753,887,-218,2630,12726,508,10869,disco
328,62810,-57849,-10949,-18047,14519,-527,-4760,605,-6027,-10770,4124,8887,-14227,disco
329,60119,-41811,-27909,-27574,-4108,-14834,23336,-12527,-17345,1258,-12017,-7982,232,disco
330,60840,-48059,-12125,-4758,10549,1125,-4714,-596,-7009,-11537,3734,-4965,-13012,disco
331,59821,-51132,-33922,-11983,-5188,-6866,1166,-27566,-20968,424,-8144,-9551,-5936,disco
332,56328,-25848,-50400,-28365,-4830,13919,-3835,-11355,-16489,5134,-1365,-4328,-1296,disco
333,60271,-28678,-45538,15243,-15828,-11837,-15788,14277,-6321,19896,5716,13293,-3376,disco
334,60914,-57252,-3275,-19506,-12392,-7952,-13286,-16417,-22190,-163,-19836,-2858,-5137,disco
335,61072,-52518,-7565,-21098,5652,-3414,-1487,4852,-19407,-13580,10391,303,-13821,disco
336,62447,-54567,-15873,-10943,-5019,1142,-1865,5196,-285,12709,-15,-3854,-6109,disco
337,62386,-59859,-16635,-15427,14749,740,-6101,-117,-2973,-12101,4778,9864,-11411,disco
338,59524,-50725,-34829,-20499,-939,-15341,3998,5947,-22793,-19773,-2511,-915,-7319,disco
339,57985,-18965,-49130,2332,-28342,-22251,14068,5951,6550,4470,-2250,-9331,4220,disco
340,58573,-34981,-34730,-747,-30949,9977,14911,-2141,-13499,10782,4303,-1211,4646,disco
341,55803,-232,8435,-7605,-5312,-29470,-19535,-12292,-9699,-12624,6459,-470,4761,disco
342,59051,-25142,-48135,-9589,-21081,-1690,-18171,16562,-10872,1838,1060,-671,-1902,disco
343,60590,-33306,-22571,4041,-8910,-6803,13815,-6563,-9800,16355,19701,-2932,1645,disco
344,58689,-17148,-43590,-28569,-7217,-19476,-11522,-482,-15392,-7538,-512,-7931,-12326,disco
345,57578,-15004,-36228,-13000,-19405,-6631,-8450,-4170,-20181,-16173,-1175,-7050,1234,disco
346,56640,-23310,-41731,2381,-36229,15120,-15186,28019,-42346,39056,-38342,24053,-19852,disco
347,49530,10541,-74150,4295,-44509,-30304,-52161,-3000,-58351,36943,-46987,-89,-8146,disco
348,58730,-37655,-65222,33787,-14628,24749,-35065,51108,-31068,20715,-19848,19653,-18485,disco
349,61127,-28728,-44911,17353,-42325,16130,-29459,13568,-47656,24887,-29201,10216,-29362,disco
350,60396,-28867,-54294,855,-37559,31142,-29167,26564,-32791,32941,-20120,28847,-21773,disco
351,58935,-38853,-57079,8750,-43325,28101,-27954,28727,-30527,33933,-20347,27220,-23094,disco
352,60191,-36681,-71048,2856,-34633,16317,-69101,28854,-45314,19361,-36891,12239,-18318,disco
353,60249,-48621,6810,26248,-16559,56081,-40801,60493,-52390,45180,-34120,35588,-16733,disco
354,51135,-38478,-4547,36490,-5293,-15405,-30076,32444,-47670,20390,-40600,-1121,-21589,disco
355,57517,-20156,-60652,36260,-25207,32602,-24586,36239,-36106,26536,-17097,16290,-14580,disco
356,52157,-3326,-33056,13912,-30768,21506,-44463,28894,-55156,19461,-22486,2043,-19230,disco
357,54042,-8964,-40696,-10185,-57672,12055,-37826,26815,-46948,28381,-27202,14110,-22416,disco
358,56762,-22762,-33358,22280,-26810,18517,-48858,30427,-41632,27362,-23639,12484,-18171,disco
359,56507,-21331,-33149,-13294,-43889,4960,-25307,36558,-38754,31342,-3365,25530,-8548,disco
360,55920,-11535,-44535,22969,-16685,31606,-32392,29954,-46637,19793,-20631,13062,-19069,disco
361,59364,-28751,-18895,104,-43155,5479,-33280,23656,-49622,30505,-32759,24011,-29332,disco
362,57944,-33416,-55695,23884,-26055,46369,-35180,46675,-36405,27861,-16372,12132,-20094,disco
363,60858,-45788,-16181,38182,-3669,44028,-13430,46637,-29864,44832,-12507,37333,-8818,disco
364,53150,-23757,-6524,29930,-14544,47365,-28682,42962,-14258,58452,-15716,16341,-15291,disco
365,57082,-13848,-26165,37679,-14274,55690,-42463,37857,-32152,33192,-12752,22875,-10880,disco
366,60333,-31181,-46008,11172,-34182,23939,-28803,32552,-47091,29836,-32444,17741,-24776,disco
367,57418,-32272,-48602,5324,-49692,2357,-38434,18975,-30622,24341,-32278,17811,-33201,disco
368,58642,-43728,-23019,8579,-21708,11892,-36174,20759,-31673,16984,-37905,23761,-38405,disco
369,55435,-16615,-24032,8546,-51776,22933,-47952,2923,-16198,27146,7,14685,-8972,disco
370,58181,-31436,-49357,5517,-38150,27851,-32154,24461,-34580,30315,-22874,25667,-24648,disco
371,57886,-45434,-32023,7164,-25468,15255,-44512,44505,-30899,35767,-22108,15913,-30809,disco
372,57485,-48411,-57229,16621,-40292,14551,-17295,10774,-29233,38354,-29566,30540,-23643,disco
373,58284,-43672,-44017,3905,-34962,19439,-48696,32053,-45006,28165,-31224,31606,-22366,disco
374,61355,-38505,-44407,89,-41433,13766,-45210,27223,-33737,34857,-32489,14041,-34601,disco
375,58322,-39201,-30617,17899,-35921,37944,-34785,39297,-26641,33547,-32427,12371,-19910,disco
376,57985,-21907,-58253,-8754,-49524,-11797,-51421,27480,-43358,37133,-41546,11521,-28211,disco
377,60790,-25587,-41757,20309,-14916,28695,-61151,38648,-9712,15962,-41707,14089,-7796,disco
378,52698,-17646,-32673,-2462,-34355,1618,-37496,33060,-47596,35154,-36742,16334,-28857,disco
379,53872,-26192,-25175,20090,-28593,22876,-32647,50726,-38486,36912,-13116,8052,-24245,disco
380,50808,-25056,48,35512,-24344,-1771,-52687,38871,-53769,14613,-42487,8700,-28092,disco
381,52859,-25008,-44236,20006,-13473,3417,-30516,20077,-51102,9488,-38164,22597,-18656,disco
382,60171,-27695,-35164,762,-45188,28615,-51385,40637,-28542,21835,-23482,16062,-17182,disco
383,53260,-14404,-15421,9411,-27441,24483,-37298,21967,-41658,16142,-31950,17327,-27810,disco
384,51885,-36386,-63187,31356,-23329,23797,-32753,10889,-41155,29930,-21883,34487,-3002,disco
385,54816,-55296,4813,12635,-25066,29308,-44267,48043,-33917,34020,-15961,28983,-19662,disco
386,58390,-2594,-54607,27510,-34539,26990,-16821,-840,-37615,25865,-45744,9775,-16590,disco
387,57211,-16193,-41602,5151,-27122,21368,-41361,25221,-58133,28322,-35714,15276,-21616,disco
388,58280,-23413,-71662,27462,-32564,24267,-34259,24461,-25278,38394,-14016,20938,-20535,disco
389,56449,-16090,-51998,16489,-24027,22106,-30614,27416,-43548,20540,-25121,12088,-20995,disco
390,55938,-37455,-38450,14316,-26655,30043,-49787,29109,-38133,22970,-16406,22369,-16951,disco
391,57048,-14792,-47634,34460,-4970,44200,-15858,18519,-34252,25368,-21726,24734,-11222,disco
392,56937,-31082,-20663,26737,-37963,21036,-23710,24858,-40830,33524,-28478,12508,-19958,disco
393,59509,-31424,-46677,27974,-5840,298,-19571,27861,-54319,2922,-54252,12064,-21135,disco
394,55746,-25661,-21152,40745,-41580,36556,-45688,34551,-24896,22521,-38775,10213,-10818,disco
395,55599,-32167,-42041,37578,-8141,16358,-18844,36979,-9775,39987,-43280,14770,-13721,disco
396,56688,-28599,-50764,47940,-55634,26451,-41487,32075,-28326,37057,-24963,26253,-2881,disco
397,57191,-43370,-18021,11442,-8888,36480,-21437,23078,-22979,12949,-19691,20772,-19530,disco
398,57544,-26141,-20587,10115,-40071,5696,-44786,22183,-51977,35088,-22989,34711,-28050,disco
399,57544,-26141,-20587,10115,-40071,5696,-44786,22183,-51977,35088,-22989,34711,-28050,disco
400,58654,-39789,-47595,1240,-41868,14949,-45243,26966,-35130,30098,-22010,13513,-23604,hiphop
401,61762,-49230,-22553,54405,14549,36502,-19080,66615,-13969,40067,4839,23071,4517,hiphop
402,51212,3847,1558,28203,-41015,3173,-50153,27351,-45551,25033,-23621,16951,-9359,hiphop
403,61630,-32858,-44338,22135,-26467,29262,-22582,57013,-10907,34059,-7702,26676,-19101,hiphop
404,56666,-29043,-22734,22192,-13380,45594,-25939,31576,-29500,36999,-12762,28747,-7859,hiphop
405,63269,-43782,-22086,37638,-32896,35324,-47641,30144,-23288,29221,-15417,27870,-8784,hiphop
406,61329,-49648,-5523,29402,-7918,32530,-39262,31685,-14776,31673,-21374,19026,-16960,hiphop
407,59750,-16431,-28010,20717,-30699,-4439,-46572,45374,-23705,47375,-3833,27877,-14391,hiphop
408,59460,-53790,-34478,34303,-53519,16142,-43050,17959,-36660,42274,-18922,25628,-11222,hiphop
409,57720,-28505,-18147,43463,-25828,41582,-27498,37839,-31329,35839,-15317,23258,-16891,hiphop
410,59580,-29061,-60796,13466,-29591,58074,-22378,24208,-27752,35287,-15144,14011,-28050,hiphop
411,58919,-21505,-25049,28792,-19440,12857,-35123,29309,-31344,32634,-35774,7115,-38920,hiphop
412,59366,-13050,-40359,16088,-48313,9243,-29210,34895,-20136,40825,-13199,35072,-27538,hiphop
413,57743,10704,-64856,-159,-31321,-6947,-34896,27254,-18362,104,-34353,3479,-19509,hiphop
414,61423,-31076,-54984,63572,-25847,12646,-43223,31819,-36771,4780,-38344,11602,-20989,hiphop
415,58314,-30083,-36228,10042,-37223,31701,-51407,24401,-35096,20722,-17573,32190,-18875,hiphop
416,59163,-34568,-38857,41437,-28876,18774,-15404,46007,-18275,21226,-16018,22984,-29186,hiphop
417,58397,-27519,-16867,38377,-24912,34306,-24760,22001,-38776,35348,-27148,20347,-27111,hiphop
418,58329,-46457,-28034,42030,-21895,11930,-39166,21062,-29269,22100,-30200,25679,-33439,hiphop
419,59721,-26582,-35032,30038,-20615,27941,-28506,30922,-26241,24058,-25438,9173,-30471,hiphop
420,59487,-45221,-50688,61398,-22065,34103,-27089,36861,-17954,49161,-5619,30773,-5706,hiphop
421,62167,-31199,-38920,22736,-34714,7355,-47566,33139,-28416,21346,-21826,22449,-16094,hiphop
422,56871,-13767,-10346,17166,-41824,10212,-42792,19192,-29784,40267,-14920,33812,-24475,hiphop
423,60560,-20935,-46176,28562,-32013,19390,-37960,24183,-45742,5400,-24710,26663,-25384,hiphop
424,60536,-32485,-66859,20493,-39230,17617,-32133,24930,-37199,30954,-9015,20240,-24677,hiphop
425,61234,-31647,-41350,28977,-31300,36462,-17454,41899,-33019,24785,-13601,27970,-24974,hiphop
426,60856,-69277,6173,37334,6205,-10379,-13923,8703,-3129,1445,-15188,9896,636,hiphop
427,57275,-34556,-9503,256,-13279,-548,-25614,6681,-2881,11308,12177,8066,5485,hiphop
428,59283,-38533,-12712,9250,7994,-19388,-8246,1405,-27332,-280,-8131,-283,4889,hiphop
429,60416,-51009,-6345,4387,-2128,-4821,355,6242,-4908,8367,-1490,8559,3055,hiphop
430,63616,-69291,22274,16644,-3794,28204,3766,4556,-7391,958,-314,2195,-7228,hiphop
431,62054,-49349,-20570,-10207,-2137,-15342,29943,1050,-2141,16175,1689,1027,-477,hiphop
432,53772,-23086,-14907,2290,23382,17022,-3960,26551,-461,7898,13383,5642,-6023,hiphop
433,62743,-51711,-20082,17087,12074,2553,-19621,20104,3619,11263,-127,-347,-2240,hiphop
434,64871,-61199,-32599,5820,-13885,8377,-2017,4144,9128,17798,4674,11162,-1134,hiphop
435,58508,-47479,1546,6956,9528,3455,-9622,32311,-15,23124,-2097,1225,8207,hiphop
436,49099,-50184,-38931,24022,7229,10064,-584,9280,5698,28943,20909,12743,5546,hiphop
437,60245,-63591,-17021,-9160,-29447,-30768,-7277,-18930,-13372,504,1932,-3045,-4207,hiphop
438,48934,-28311,-39882,1662,-5570,-14879,-2183,18606,-9091,1758,-374,-580,2625,hiphop
439,58652,-30273,16656,-19870,-20640,-16970,2043,-9768,-5441,1950,-399,-3083,-673,hiphop
440,55545,-14329,23232,-25090,-22140,-48910,-444,-20049,-8203,34504,9860,14861,8383,hiphop
441,60186,-41707,-21431,14159,-7837,-10969,-703,-1457,12038,12896,8554,-1224,-2268,hiphop
442,61804,-51685,-10321,27563,14603,10280,14738,29389,7191,23649,31821,4461,9501,hiphop
443,54635,-385,-23114,-8912,769,-8849,4085,17869,24040,19740,10428,5360,15343,hiphop
444,49941,-24962,-41561,-5590,-6567,-36066,5853,-11430,-35204,22987,8924,-22246,765,hiphop
445,58652,-30273,16656,-19870,-20640,-16970,2043,-9768,-5441,1950,-399,-3083,-673,hiphop
446,58049,-25377,-8185,945,768,949,-16760,6609,3448,-1060,-194,11442,1059,hiphop
447,60265,-50195,29603,12000,7295,27,-4330,1576,9466,-3460,5159,18201,297,hiphop
448,57926,-33824,13758,46100,4200,13360,-10825,-1152,-11717,-6469,-15799,-9995,-19121,hiphop
449,62616,-59845,15765,51797,7762,3189,3299,6630,13775,3286,882,1993,8826,hiphop
450,56599,-2982,7271,23189,38265,-23468,15300,-11110,21314,-17940,18102,2281,-6389,hiphop
451,59650,-34293,4611,45010,-8895,11118,-9962,4936,-3136,4656,-7391,1070,-10907,hiphop
452,54343,-33369,17672,2875,-11044,2948,3478,6634,1117,4595,4276,1416,5621,hiphop
453,55876,-45015,25479,28,-8505,-7287,15626,10944,-100,9392,13526,4310,7948,hiphop
454,57951,-47903,17492,-17490,920,1774,4749,-6191,6006,2341,4232,-262,-1512,hiphop
455,54272,-5940,-39996,21294,8539,2568,6403,10501,2991,1907,-13721,-7088,-14260,hiphop
456,57365,-36751,-17527,41875,-61,38261,8447,34200,8652,28731,280,6571,1496,hiphop
457,56419,-22726,-13492,52277,30296,25167,19690,18131,1461,3014,4865,795,-10620,hiphop
458,57427,-45278,-32604,37118,603,28923,8303,13155,-12752,-539,-8947,-12067,-8440,hiphop
459,55271,-19871,-18034,45507,14715,11286,17998,15187,6461,18423,-4656,-945,-12620,hiphop
460,55149,-15450,-32314,65474,14263,20469,28233,27252,8484,20549,6563,2438,-5088,hiphop
461,55682,-17854,-32364,18751,19557,36176,1185,1703,7975,5277,14761,332,-864,hiphop
462,55701,-30544,-7358,6263,9921,4312,0,-3312,-9645,-10432,1706,14107,-3386,hiphop
463,58099,-34266,-29076,17115,-5721,-17949,-33637,-19480,-6763,-3098,12152,5064,1965,hiphop
464,58855,-33166,906,44729,-10758,-1251,-22827,-5814,-6097,-11577,-11985,3180,-10010,hiphop
465,55758,-28552,39974,19645,2476,-4392,-11574,2771,-2513,-14600,-3025,12739,-11745,hiphop
466,56244,-21836,-3072,17403,-25825,-16480,-3686,18436,-2393,1988,-5614,919,-7552,hiphop
467,59469,-47795,-5650,-2142,8747,-8387,-9697,1613,8311,1921,7402,12013,7596,hiphop
468,59187,-37619,6153,31525,-3424,5563,-17666,-4517,-3423,-7499,-14174,-6336,-12898,hiphop
469,62355,-63250,29409,52575,392,2449,5810,-1249,-630,1015,6063,10022,4823,hiphop
470,59294,-29716,50838,13554,1659,10290,1465,-2980,-8238,-7596,-1511,4776,-2706,hiphop
471,60655,-52536,40898,24372,24058,-8943,130,11582,-15238,2737,13940,1147,-6144,hiphop
472,56497,-8769,6822,24205,33368,-12910,17083,-18172,16134,-12537,17123,16093,-15092,hiphop
473,59399,-35338,37401,30589,626,-6760,-19674,-17482,-4248,-5906,85,-4158,-11358,hiphop
474,60047,-47717,10615,51517,-21982,-49,-27413,19140,-6450,16167,-7725,-900,-12343,hiphop
475,59162,-50365,4521,15650,-9986,-12174,-13016,-5854,14770,6511,-9384,-3957,2393,hiphop
476,57114,-19741,-10054,-12744,3135,-42674,-5934,-4569,-8153,10074,3157,102,7578,hiphop
477,61974,-42212,-5531,-3113,-20025,-21860,-630,-17938,-1985,-3011,-2360,6660,2440,hiphop
478,57114,-19741,-10054,-12744,3135,-42674,-5934,-4569,-8153,10074,3157,102,7578,hiphop
479,59765,-44073,-23849,-6120,10434,-53235,-8779,-2729,-12098,990,-5687,1378,12951,hiphop
480,60625,-53326,-9118,11597,-5,-22912,-11874,-2811,-5387,-5870,4352,-16711,9725,hiphop
481,49451,-1421,-13756,26670,-6603,37613,-35500,38659,-39361,35633,-24456,31232,-24880,hiphop
482,55808,-29249,-50605,26860,-42897,28093,-31633,31204,-6673,34949,-22904,37762,-10327,hiphop
483,56463,-32222,-44833,12663,-18356,28714,-40562,31251,-25582,39561,-27027,40608,-23090,hiphop
484,50913,-20578,-55235,40937,-28293,7250,-57023,20902,-31993,34117,-11092,22117,2355,hiphop
485,57304,-42322,-36063,28698,-37285,26832,-50856,26875,-35521,45559,-15311,38881,-4200,hiphop
486,51873,-25652,-36917,21146,-7944,59327,-16651,60183,1892,31534,-23684,32952,-8212,hiphop
487,53567,-46225,-16036,55605,-13668,34990,-1613,61541,-18450,27170,-11613,31143,-10838,hiphop
488,59116,-43463,-44742,19997,-23331,32955,-51750,33691,-24634,35402,-35628,23557,-21927,hiphop
489,58034,-43821,-45149,32009,-21297,33850,-36870,20300,-14865,55168,1700,32331,-3059,hiphop
490,56449,-31236,-39067,5009,-14093,30389,-35820,32892,-20006,45856,-25155,26588,-10701,hiphop
491,58112,-45406,-44497,44499,-16357,33368,-38632,43965,-17950,45482,-19569,25797,-19843,hiphop
492,55531,-36534,4463,17016,488,44716,-34890,41975,-21331,53863,-13377,28597,-13897,hiphop
493,55087,-63629,-5781,62059,-23272,51877,-35477,26479,-9545,26856,-20445,30884,-19375,hiphop
494,53524,-18303,-21206,17555,-5011,28541,-42903,48161,-9900,51526,-3568,39477,2140,hiphop
495,58460,-46092,-52216,43229,-25682,41789,-33544,48595,-31044,27985,-19078,23754,-18643,hiphop
496,55447,-2486,-58022,22316,-35806,9906,-30511,37884,-16271,29029,-23523,27717,-15422,hiphop
497,57644,-42509,-11601,31442,-33812,32576,-32260,27517,-31779,35369,-25338,30521,-20409,hiphop
498,56758,-43495,-38967,55145,-13519,46569,-35368,54723,-15380,44639,-17086,24872,-12843,hiphop
499,55871,-13087,-52229,9905,-22100,9470,-56575,30923,-41358,16015,-10816,15785,-20471,hiphop
500,47802,15327,-43416,-23573,-24987,-17583,-20773,-19629,-20430,-5921,-1611,-2877,-2798,jazz
501,42805,19954,-29915,-5523,-17216,-2355,-18201,-13798,-23990,-5699,1978,2119,-6726,jazz
502,51819,59158,-82355,-1065,-23315,-8043,-32668,-24959,-19223,-3356,-48834,-17958,-1269,jazz
503,47425,65586,-19932,-41895,-24581,1755,-38572,-4671,-18559,-1261,-22847,13270,-6486,jazz
504,51965,37381,-29732,7904,-53971,-15094,-44506,8760,-31830,17764,-9246,-3029,-16947,jazz
505,52413,23524,-41278,1305,-44635,24840,-14584,19225,-4581,19303,-11216,21974,2684,jazz
506,52142,29446,-50240,39640,-31958,-2526,-37018,27319,-46776,-15510,-21340,27879,-13768,jazz
507,52561,32152,-55184,-13439,-75933,11063,-21572,-4364,-1093,20213,-989,40003,23796,jazz
508,52869,17030,-48255,31063,7286,27968,-30835,22458,-54200,12418,-19367,4783,-17913,jazz
509,49050,56212,7099,-21052,-48378,7918,-11029,26412,-37371,1445,-40333,-1513,-36018,jazz
510,46511,61570,-47389,26328,15194,18515,-40967,935,-39344,-13922,-8177,13348,-13620,jazz
511,52567,-5730,-40172,-261,-32136,5789,-53489,14089,-29828,29268,-20544,40926,-14684,jazz
512,47755,-1034,-28771,6591,-28421,7666,-52924,17967,-40031,18450,-34563,25544,-12038,jazz
513,50048,-12208,-6435,9220,-31853,-47,-41151,42727,-43495,33494,-15409,23439,-14020,jazz
514,46336,38233,-65991,-14731,-37228,-27390,-58128,-12199,-33376,-10189,-23365,24563,-14381,jazz
515,51625,-6664,-39615,310,-23465,1348,-48581,19331,-35826,34044,-15384,29485,-15837,jazz
516,50512,10279,-53776,-4876,-34108,-1019,-57828,1431,-35514,13010,-25465,37447,-5894,jazz
517,49067,-13738,-26454,12383,-34929,6897,-48827,18510,-44705,29503,-26593,19853,-26650,jazz
518,51858,-13314,-51949,2536,-25274,30670,-31961,20214,-43171,27325,-20163,24971,-8242,jazz
519,49120,16553,-47360,-178,-34997,15951,-32266,12682,-25868,39010,-7019,36835,-7052,jazz
520,41249,16735,-23142,46515,-11936,29593,-47191,4386,-35356,13336,-10865,19073,-1192,jazz
521,54512,-48261,-32926,31317,-51928,6890,-47012,38427,-49905,43945,-9032,26910,-8159,jazz
522,48129,11921,-17291,-17125,-58333,10821,-49259,19074,-41198,32317,-13240,16080,-4712,jazz
523,54464,-12787,-49556,10937,-54550,9810,-49202,34376,-17941,59355,27833,48337,-4228,jazz
524,51910,-13719,-48713,15285,-39544,30315,-40241,27947,-29709,33577,-11378,29280,1661,jazz
525,50464,-3224,-23050,13837,-45468,2745,-29364,32395,-33837,38958,-25365,10347,-32832,jazz
526,44333,22146,-34592,-3984,-52281,7058,-51396,-9838,-23549,12692,-27788,8101,-9731,jazz
527,48114,-9265,-28538,35382,-28753,-1881,-18176,40692,-60655,28724,-18688,29219,-5077,jazz
528,50207,-5728,-40307,340,-36648,2441,-47472,19097,-56624,21631,-27381,36757,-19393,jazz
529,50373,-21954,-41185,22940,-36511,-17795,-37425,25312,-78019,27211,-17638,18110,-10054,jazz
530,47176,549,-57408,38902,-42585,-17956,-30516,371,-71176,31160,-2280,28083,-15275,jazz
531,49794,-4907,-49199,17185,-33819,9198,-36316,35000,-36965,24074,-1811,27914,-15038,jazz
532,45927,8216,-18577,5113,-50182,11958,-35389,18510,-37190,1028,-42681,13857,-18272,jazz
533,48111,31678,-46848,44908,-53826,23931,-37667,13007,-62203,-3807,-18928,4196,-4810,jazz
534,56444,485,-71495,43188,-42925,42762,-30704,17146,-68951,11760,-36331,12311,-19228,jazz
535,50406,61487,-54903,26960,-35213,-17274,-25517,-32084,-66293,-6779,-16396,7148,-4372,jazz
536,53717,20611,-83014,17792,-30476,-13479,-49234,3254,-50328,5434,-23522,-6924,-20620,jazz
537,52913,29324,-49441,-3135,-41702,19929,-15738,17370,-42641,17430,-16923,36710,-14487,jazz
538,53717,10910,-53602,13367,-37512,2852,-35768,14419,-37751,10231,-43077,11906,-41310,jazz
539,52560,27113,-68597,48619,-50051,-17701,-35070,10264,12342,3172,17045,18879,-12742,jazz
540,55258,30757,-53946,45599,-81945,-38120,-32000,-24945,-32100,11448,-32502,16753,-18467,jazz
541,53650,9142,-84937,46926,-37423,-9055,-15564,26369,-19063,-15460,-11340,30638,-16184,jazz
542,52557,24758,-52929,34888,-88960,-1291,-43786,-42743,-50831,16952,-26573,9609,-27590,jazz
543,56148,2155,-68559,6367,-35860,10623,-20419,30464,-33666,17866,-35097,5340,-33553,jazz
544,51294,47312,-59526,-14194,-32442,18220,-17904,5101,-24565,26070,-5358,31163,-2827,jazz
545,51583,54142,-58156,21620,-32793,-13393,-41261,-19366,-60402,-134,-21190,5428,-11075,jazz
546,52892,27831,-67960,39882,-59969,-19458,-52303,-25295,-23524,19985,-7658,19774,-833,jazz
547,51430,-13354,-39246,8951,-31380,-422,-36054,31358,-38475,7447,-26905,17259,-18926,jazz
548,51671,-1684,-50343,6659,-35474,2799,-40911,7364,-48716,17254,-18961,31323,-16040,jazz
549,56435,-10136,7994,-3508,-34628,-44239,-62700,-24866,-54428,1785,-4074,-3449,-8630,jazz
550,60144,-36105,-7550,10071,6779,3934,10883,28205,-10845,-6843,-2536,23220,2861,jazz
551,48123,27591,-40728,36875,-44383,13514,-26918,2658,-52522,-11598,-11665,-113,-243,jazz
552,58963,-29101,-8473,28342,-23827,-1221,-264,15295,-9142,-7816,15895,19457,4706,jazz
553,56452,-2796,-64203,33686,-31701,30518,-18026,4626,-57097,899,-26742,4268,-12473,jazz
554,56763,2875,-30048,-20386,-18786,-11971,-14739,1937,-2785,4827,-7835,3276,3578,jazz
555,50413,56181,-46925,16805,-23348,-30206,-12897,-44641,-54701,-16658,-8079,1212,277,jazz
556,61569,-46061,-1974,-5230,-1208,-4522,-1936,15973,-1506,9254,15532,5047,-170,jazz
557,50732,17486,-41143,2765,-20724,-38944,-21965,-23218,-4466,-17950,-21805,-9304,-3814,jazz
558,53735,13308,-71734,4187,-13287,-32275,-29688,-13131,-32016,-8629,-8868,-19328,-10365,jazz
559,54412,2943,16588,11396,-6920,-5922,-8564,7907,-3962,4063,1588,10530,22,jazz
560,52988,18961,-33655,-23160,-18599,-3267,6974,-5102,-18207,-2436,1098,19095,-1755,jazz
561,61787,-30310,-20936,0,-1706,-3005,-5957,10237,-5866,9217,3182,3400,881,jazz
562,53811,1603,-38624,-4464,-14860,-19718,-9888,-8640,-12891,-10552,-22208,-3621,-25603,jazz
563,60056,-31879,-21083,-4590,-20562,-9566,-1203,3053,-8328,1722,9590,4323,-514,jazz
564,57794,533,-24363,666,-798,-21114,-23269,1652,-32079,21635,-10872,11366,-1647,jazz
565,52564,23347,-62946,41311,-41599,-26496,-25849,1703,19942,-2422,22448,14585,-9674,jazz
566,59358,3989,-59708,-11529,-20294,-17720,-27423,-12193,-12168,-16099,13,12986,1451,jazz
567,55265,25679,-46089,35503,-70141,-50764,-19146,-37364,-20677,1390,-24017,9976,-13237,jazz
568,52571,19473,-44765,24336,-76517,-14490,-30045,-56117,-38395,6008,-17091,1741,-21378,jazz
569,56283,-5668,-52132,-12528,-10634,-14963,6503,1875,-6368,-5628,-12169,-12584,-15787,jazz
570,51356,35442,-42670,-33767,-11596,-764,557,-12920,-4941,7633,8508,17055,5845,jazz
571,51590,48084,-48911,9810,-18740,-28715,-25430,-34805,-45929,-13109,-10175,-2612,-3879,jazz
572,52909,22334,-59550,28955,-47049,-32514,-37823,-39452,-10258,8798,940,11076,4443,jazz
573,59329,-40480,-22332,-8868,-13393,-36669,-22420,-5406,-936,-2408,7191,4369,5696,jazz
574,55558,-23587,-26260,-1067,-21570,-22068,-23953,1915,-12359,-1598,7032,-3548,106,jazz
575,59790,-37558,-32478,-15730,-17083,-38278,-19971,-6036,-7737,810,20122,4411,-905,jazz
576,54781,5254,-44988,-14408,-10437,-3480,-20725,-13834,-22416,-28091,2255,-23,2305,jazz
577,60213,-40509,-40710,-992,-6174,-27243,-40895,-3852,-3721,2172,4814,-8207,7119,jazz
578,56616,-26353,-31001,3496,-14458,-53489,-24025,4771,-12497,-9716,20638,2816,-8896,jazz
579,54608,-36266,-30384,19332,-3304,-14160,1976,3530,-2669,4752,22315,8010,667,jazz
580,57016,-48510,-34097,14116,-3806,-14150,9984,9427,-3919,-2410,3719,-2538,2587,jazz
581,50701,-41422,17106,-6881,13021,2604,3514,3541,-1361,-3560,2351,15319,3945,jazz
582,55189,-58384,1467,-10936,428,-9172,-362,-10909,-3570,-9499,3975,10359,-975,jazz
583,56580,-52403,625,-813,-22235,-8275,-7209,-990,-6628,-5027,17457,13934,9373,jazz
584,52954,-44038,-25603,8916,-8360,-13687,-14231,778,9998,6612,23075,17162,1201,jazz
585,56357,-43681,-49463,2223,-23164,-21077,-15471,-10974,-1223,3350,27304,27344,-8942,jazz
586,57630,-75177,-18244,-4560,-16724,-13681,-8139,-9942,5422,-7553,21720,-11824,-3366,jazz
587,44123,-16624,40987,12563,8830,-2760,7831,-6081,4146,9161,11367,-10504,3613,jazz
588,53375,-16492,2448,-29158,-614,-9701,6369,-4705,2783,16534,15272,-8779,8245,jazz
589,46749,-10651,723,19135,7802,-32485,-31811,5268,9649,13053,8262,-896,34187,jazz
590,49836,-4082,799,719,-15397,-46699,-22666,-20047,-47688,-41597,-1771,80,19115,jazz
591,50297,-43452,-2547,3309,-17857,-43921,-29272,12716,-4473,-26527,16528,10972,4528,jazz
592,47889,-19053,17931,3002,-8792,-45076,-12381,16368,-6276,-32847,9635,9503,16506,jazz
593,50348,-11529,-13494,-32637,-353,-22603,-12298,-26791,-26070,-5643,-5618,-5027,10674,jazz
594,44713,33602,-16652,11378,-34903,4860,-55019,12520,-37052,13936,-9213,25994,-14631,jazz
595,51447,-7544,-28313,6657,-9710,27139,-48548,39768,-44104,16306,-20716,24858,-12422,jazz
596,48865,-6825,-41015,11809,-9759,34134,-44964,49812,-46911,17259,-26415,26418,-105,jazz
597,40924,20826,5238,9268,-40790,568,-60109,3703,-58379,1449,-19700,32461,-3391,jazz
598,50306,-11151,-16906,20900,-24291,28728,-46704,41516,-24277,11635,-24989,21902,-10515,jazz
599,45597,3343,-15273,14641,-15145,17184,-49232,40323,-41142,25889,-15767,26768,-2799,jazz
600,60996,-60660,-32324,27550,4251,-9077,7916,-3635,11037,3537,-11221,5358,-2394,metal
601,58881,-54652,-29889,21235,12184,3265,-10897,21227,-6170,-9305,-5993,10812,-15417,metal
602,59592,-18192,-67497,27243,-48656,8564,-42122,25461,-13182,26895,-27065,7033,-27879,metal
603,61752,-48301,-65524,32478,-19498,39740,-15568,38814,-32929,22604,-16197,26918,-32042,metal
604,57603,-70043,-26421,17082,18325,-6315,-2044,27143,14181,2567,1593,2848,-3441,metal
605,59115,-30533,-45674,53201,-38019,5668,-26710,12080,-47881,12029,-27824,8305,-47171,metal
606,56347,-60994,-33094,16957,-18027,-18067,-1138,34655,-8249,-90,3001,265,-16278,metal
607,57052,-55842,-34561,27785,12949,-14512,-7872,24464,-3140,-7463,-8688,9493,77,metal
608,54739,-44644,-22590,11027,202,-243,16403,8800,4052,12690,3015,805,941,metal
609,63316,-28990,-12668,40662,-61620,21129,-21916,14069,-12127,24582,-30082,34257,-19889,metal
610,61593,-55537,-32060,70368,-42791,504,-34838,18809,-26219,11762,-31936,22862,-36918,metal
611,65180,-45451,-48859,51186,-20998,-11144,-32933,54015,-48366,6497,-17456,21280,-22821,metal
612,60813,-51080,-66050,54104,-9671,17629,-30601,64705,-5571,24787,-25200,20661,-24367,metal
613,59801,-61335,-55183,51996,-9735,11093,-37276,61453,-11595,24133,-23088,23420,-21304,metal
614,58627,-52244,-70624,69977,-7465,25987,-26437,52512,-15776,19589,-24528,8603,-38832,metal
615,60381,-54908,-21144,73953,-26232,1560,-44734,14226,-40968,6853,-28299,24780,-32750,metal
616,65852,-46006,-72851,30947,-19916,19250,-40758,55304,-28598,14334,-32148,13145,-20284,metal
617,59317,-47344,-37374,58708,-16964,12120,-46958,33135,-30406,26250,-31336,9364,-27366,metal
618,61084,-15553,-117491,64213,-25636,7372,-28831,5892,-9098,6684,-803,1097,-4795,metal
619,58717,-46312,-39269,57300,-19126,6403,-47760,33525,-33865,25910,-36948,3941,-27786,metal
620,59473,-46032,-35050,57301,-18557,8458,-50408,27974,-27909,30411,-30902,6531,-31871,metal
621,60545,-58069,-53107,50260,-21157,36487,-23421,48926,-22212,27886,-22285,24038,-28671,metal
622,60706,-22354,-27942,52610,-66236,-17825,-78377,41282,-32278,24886,-52964,30379,-16153,metal
623,62024,-39696,-49327,71909,-33154,24787,5728,46363,-7916,22501,-28492,22112,-27300,metal
624,62697,-33480,-49909,42471,-20013,31959,-30083,41732,-28501,24108,-18995,30014,-17123,metal
625,57649,-30711,-55664,75754,456,12411,-27517,34771,-32262,12662,-30319,15768,-26035,metal
626,62364,-50747,-67396,75386,-27244,40575,-27748,28755,-11878,-4675,-19013,17935,-52379,metal
627,60841,-34937,-51465,33057,-12388,22391,-37739,30757,-32103,19925,-40740,6954,-24363,metal
628,62312,-44485,-62383,15810,-37435,3842,-48584,33045,-16683,48500,-33903,20864,-22636,metal
629,58420,-48887,-26495,34953,-50167,24322,-25767,35309,-41603,13790,-19828,19816,-29303,metal
630,57797,5201,-45791,53143,-16927,35479,-38919,21258,-13326,21802,-25416,13164,-27511,metal
631,62537,-36001,-34260,29354,-23456,25440,-33350,23348,-42095,36989,-43380,9267,-26513,metal
632,60495,-31771,-60692,37426,-33333,7138,-9308,26924,-47573,22713,-26413,22137,-26421,metal
633,61838,-12452,-61047,84616,-24192,16987,-4010,16547,-5444,13843,-52229,30465,-30860,metal
634,58165,-36412,-52600,23012,-55559,12563,-45424,22290,-19233,24258,-31872,8712,-21659,metal
635,65209,-47712,-46425,43835,-14597,47323,-42550,36289,-16890,15415,-28984,20213,-16843,metal
636,59524,-46609,-46551,38100,-16293,16888,-39607,28943,-32927,19871,-29560,23914,-24528,metal
637,58467,-22728,-57710,11421,-54376,35733,-30181,47517,-18122,19306,-34080,13174,-5400,metal
638,58644,-42955,-57835,86493,9347,23350,-53806,32841,-30300,-3308,-31404,17026,-30345,metal
639,57891,-14023,-44464,60936,-33293,41302,-19475,16808,-11784,28606,-36289,5994,-13294,metal
640,59661,-45098,-63076,30899,-5999,27073,-11192,32544,-49393,14083,-24709,19799,-30223,metal
641,58248,-21818,-77194,39257,183,10875,-16369,31232,-52371,8753,-36825,4108,-21334,metal
642,58718,-33800,-76095,23524,-7082,24059,-30120,42084,-35128,22793,-38014,50,-33371,metal
643,58371,-40533,-66772,32846,-10138,1492,-31361,21836,-38373,19750,-47247,14495,-21878,metal
644,59179,-45236,-59099,34906,-6972,25966,-15401,33892,-39520,13102,-47642,7380,-34934,metal
645,56844,-28469,-63994,42917,-9673,1239,-23454,27474,-53516,13242,-48677,14645,-25833,metal
646,64106,-46340,-46243,42995,-32661,14840,-46088,22455,-13813,32946,-24105,32834,-16933,metal
647,64678,-49339,-49552,49212,-35946,4745,-30755,13452,-16421,39684,-23793,25827,-18122,metal
648,64826,-49021,-49586,35157,-34096,17777,-28367,16832,-22567,38536,-25020,31914,-21605,metal
649,65423,-52109,-49975,48271,-41503,17600,-25953,18435,-19470,34137,-28554,32698,-18924,metal
650,65579,-52489,-38983,48569,-35899,14754,-23329,10827,-13135,36289,-29499,32119,-17025,metal
651,66300,-65570,-36547,46041,-40273,26452,-26478,20788,-6410,36421,-24853,31061,-20616,metal
652,64371,-39805,-61267,51950,-30003,14848,-23157,19054,-16481,32737,-24883,19955,-13858,metal
653,64608,-49308,-42468,40078,-44279,10537,-21862,17594,-14311,40421,-23508,34958,-16516,metal
654,64795,-57200,-38885,45688,-35185,19473,-34287,17364,-12980,34003,-24488,30510,-16241,metal
655,65846,-57262,-45931,46879,-37758,16919,-27702,18269,-12797,38174,-18082,35265,-14918,metal
656,65503,-52937,-41094,44302,-44244,6626,-31565,10668,-14213,40060,-22918,29339,-19151,metal
657,63125,-42341,-49910,58165,-11621,12823,-25828,20561,-26284,35865,-20583,21015,-9702,metal
658,62165,-31889,-55822,16585,-39685,15563,-43293,43206,-45544,26901,-28665,9509,-25080,metal
659,62516,-31484,-65124,31578,-31015,14100,-47220,38925,-29738,25166,-35667,10500,-18823,metal
660,59698,-26257,-64124,43039,-36448,21640,-47198,20724,-38168,15293,-40630,13427,-18078,metal
661,59661,-45098,-63076,30899,-5999,27073,-11192,32544,-49393,14083,-24709,19799,-30223,metal
662,58248,-21818,-77194,39257,183,10875,-16369,31232,-52371,8753,-36825,4108,-21334,metal
663,58718,-33800,-76095,23524,-7082,24059,-30120,42084,-35128,22793,-38014,50,-33371,metal
664,58371,-40533,-66772,32846,-10138,1492,-31361,21836,-38373,19750,-47247,14495,-21878,metal
665,59179,-45236,-59099,34906,-6972,25966,-15401,33892,-39520,13102,-47642,7380,-34934,metal
666,56844,-28469,-63994,42917,-9673,1239,-23454,27474,-53516,13242,-48677,14645,-25833,metal
667,59120,-25234,-53429,62636,-2752,-3752,-35179,13302,-42156,10958,-19163,40219,-24178,metal
668,57260,-24617,-60797,32184,-39832,15517,-25093,27272,-28051,15656,-41787,24170,-20736,metal
669,56507,-13306,-26748,62114,-15745,32013,-26185,30259,-20050,40463,-30539,25822,-25167,metal
670,52498,-45290,-26677,31579,-19277,-1103,-45033,530,-34695,42347,-23322,22408,-17788,metal
671,59031,-45035,-39134,25534,-46483,19458,-34827,33568,-26163,40842,-21536,25457,-23809,metal
672,61390,-30159,-51143,52439,-17176,23458,-30074,30395,-29834,13441,-34901,19858,-27837,metal
673,64195,-40744,-31018,44082,-77,22985,-32608,39224,-36343,13673,-21736,14253,-20956,metal
674,52657,-45680,-25175,67119,-21424,37564,-25146,23648,-28318,23339,-24129,27616,-19375,metal
675,60766,-18817,-30751,37187,-5908,8126,-41211,31498,-19973,18893,-22242,25345,-20356,metal
676,58614,-45446,-46931,65363,-29693,8611,-34481,29492,-31573,17039,-48949,6775,-40656,metal
677,61687,-42338,-44975,45408,-53520,21682,-36301,23422,-28633,26336,-23434,26038,-21990,metal
678,64020,-47344,-28642,45262,-2304,42474,-29156,53053,-30806,25625,-31613,16725,-20235,metal
679,59725,-41451,-56476,38509,-16488,46977,-31223,27499,-36942,29942,-18769,39915,-21291,metal
680,59847,-48867,-28479,39968,-14941,43118,-47562,37384,-26485,33947,-25534,20455,-14989,metal
681,61626,-15736,-72686,18120,-39555,32143,-32629,54468,-41625,29322,-19561,5567,-2616,metal
682,59918,-28927,-62880,39619,-45636,22158,-26762,20489,-39075,3418,-25063,11668,-29145,metal
683,61973,-24725,-46564,60612,-32472,1847,-51571,29688,-35656,12432,-6140,742,-36348,metal
684,63190,-33312,-53931,24935,-33156,19399,-30654,19643,-18037,34143,-33438,16189,-17995,metal
685,61320,-38105,-51586,29959,-33018,29105,-47261,1562,-14622,21832,-39522,14384,-21452,metal
686,58255,-37274,-50709,32149,-44749,13256,-33174,29606,-34950,36895,-6883,17944,-29774,metal
687,66302,-61836,-16243,35736,-24426,20237,-36964,52516,-31827,29917,-17139,25181,-17229,metal
688,56374,-14252,-49462,65690,-7954,19073,-50100,20814,-25418,27303,-11249,5589,-20837,metal
689,57815,2740,-56810,83041,-654,41819,-19023,29881,-1842,20833,-11696,14540,-21443,metal
690,57913,-25228,-36727,43429,-7680,56340,-16202,36944,-27577,14841,-43887,43311,-17851,metal
691,58165,-25793,-36515,25209,-56377,20629,-40137,25768,-33797,3460,-45178,25733,-32754,metal
692,59073,-13080,-46919,37766,-42331,7078,-38621,6976,-49404,7385,-32692,3311,-39556,metal
693,57896,-42221,-43160,62448,-35091,19769,-19282,22566,-33486,152,-48774,2410,-38532,metal
694,58165,-36412,-52600,23012,-55559,12563,-45424,22290,-19233,24258,-31872,8712,-21659,metal
695,60791,-34092,-39007,21827,-33778,25826,-15715,47064,-29968,9178,-24150,34141,-11547,metal
696,60853,-38196,-34214,50002,-19211,22714,-32194,31706,-24034,12124,-25364,26356,-17789,metal
697,58621,-24242,-34257,64531,-1064,27373,-31455,33886,-36449,16916,-24351,21753,-22315,metal
698,57697,-29160,-46500,40023,-8730,26755,-22889,29486,-28008,19136,-25536,26026,-10939,metal
699,59418,-34668,-43957,38808,-21005,27937,-26729,41389,-15140,14480,-21979,31490,-11471,metal
700,59947,-47242,9267,-1943,14670,-31300,10686,-27637,3720,-7801,-27051,8951,4028,pop
701,62814,-54180,21949,-15624,3486,-25003,-3004,10385,2938,11972,-12054,-2175,542,pop
702,60470,-45253,18368,-10065,-8052,-9085,12068,861,3595,9619,8136,12606,12753,pop
703,56439,3445,-55654,11545,23055,-23254,17819,-15850,-3666,17087,-19231,875,-18259,pop
704,61798,-32939,-18575,-18837,-3228,-19703,4035,2854,7713,6890,-18017,-7459,-13907,pop
705,56745,-21549,-33272,-3529,-15340,-7891,-10041,2584,230,-14157,-24902,-8328,-9377,pop
706,52744,-20908,9138,6728,-2,16420,-466,11462,10966,-3648,-28668,-15027,-8652,pop
707,52688,1599,-30489,-31846,-12919,-44241,-520,8696,8181,2531,-19199,2983,16315,pop
708,60942,-36878,-12941,-5682,20249,-19124,4187,4668,7743,11982,-8606,-7098,-12253,pop
709,61563,-52309,-14709,290,-11236,-27368,-19840,-1579,4996,1421,-23375,-10631,2748,pop
710,56729,-9059,-11452,10029,12638,5753,-5604,-6470,190,-543,-5787,-1339,11067,pop
711,50959,-5104,-23017,-44001,-42407,-64226,1963,-39670,-22346,-10038,-29085,-1585,5251,pop
712,60391,-32342,-34886,-8809,3666,-11198,-1068,-2722,-22275,1918,-12643,-894,-1836,pop
713,55190,-18404,44819,5190,19397,-6498,-13397,4903,-10223,24656,-4407,-1302,1324,pop
714,53930,-14131,-34506,-8291,-1077,2371,-21174,1039,-4409,902,-22061,8163,9495,pop
715,61145,-44211,-7680,-16817,-8338,-15535,3061,264,16055,8767,4672,-660,2039,pop
716,58764,-51676,1072,-90,-4988,-15477,4833,-10800,7736,-590,-13563,-12448,-903,pop
717,59792,-38576,-17557,-8539,-11347,-15071,-26656,4081,-17364,14030,-8084,-13672,1367,pop
718,61741,-45300,14765,-26710,2167,-9166,6643,-3395,-3144,14225,-11582,-10880,3500,pop
719,62415,-39587,-19585,-26108,-18494,-16347,-2204,-28913,-12435,-886,-17149,-3900,3133,pop
720,64492,-52331,-24964,-30460,-1290,-20241,-416,-3081,5470,6780,-2178,1474,3613,pop
721,62126,-58461,-22819,-9412,-7965,-5492,1098,144,4718,3911,4943,2963,7447,pop
722,61141,-44146,-7514,-16588,-8213,-15636,3081,364,16172,8895,4674,-698,2108,pop
723,62613,-51464,5775,-20408,-6434,-17243,3747,-21823,-1660,6557,-12279,-5503,-4299,pop
724,61688,-46450,-11000,-25301,-4540,-8042,12466,-1674,11266,14034,-647,-7525,3238,pop
725,58595,-25736,37649,-18331,-6267,-22384,-2057,-22509,-27214,-4954,-14605,-15255,-4706,pop
726,59442,-16849,-6819,-49374,-16678,-9277,-608,-25536,-11579,15533,-1886,-16147,2810,pop
727,58486,-26190,-6615,-17961,1796,-5132,-71,-20447,-2364,-905,-12210,-21935,-3271,pop
728,60540,-34655,-4720,-21654,-12673,-7819,-2556,-3719,2350,-3946,-9139,-4151,-4079,pop
729,61444,-35203,4959,-26099,-107,-7061,-7018,2615,-9333,2654,-9456,-2613,3633,pop
730,62144,-39960,-28397,-42949,-18505,-19825,-10927,-5081,-507,-308,148,-590,6024,pop
731,62130,-41435,-27621,-42350,-17723,-19544,-10661,-4875,-1165,757,-46,-564,5497,pop
732,59189,-61040,2505,-22078,7134,-22602,-8802,-15197,1925,-551,3482,-1904,4181,pop
733,59029,-38714,-34897,-20388,-18444,7305,1407,-12596,-4839,4016,47,-9679,1667,pop
734,60557,-32424,7891,-37246,-15142,-26405,-12438,-10266,5584,-1468,-12790,-9668,3861,pop
735,64648,-45424,-30130,-44832,-10453,-8434,3203,719,7368,1680,-529,-3201,6554,pop
736,61610,-32324,3186,-20920,12311,-24957,-226,-15411,8287,15381,6692,641,4661,pop
737,63869,-50497,-22099,-17345,-13759,-1745,235,-4952,11497,10516,9072,-602,1592,pop
738,62708,-47180,-20960,-17109,243,-5303,-2557,2162,12588,8248,6070,277,4473,pop
739,65384,-54932,18035,-21697,867,-25729,25519,-13132,-2068,18026,-7090,2091,-2714,pop
740,59641,-6343,-41476,-13090,11250,-31793,-11080,-9194,2073,529,-12555,8624,27508,pop
741,52824,-6765,5562,-34500,-13720,-10787,-45927,16706,-25798,-28167,23505,-15444,-11439,pop
742,62212,-40315,-19889,-6790,5268,-22339,8333,-7601,-6298,4707,-10477,-1600,-5762,pop
743,61014,-39447,-9880,15977,-2677,10850,6701,25133,-6550,13938,15486,4820,1890,pop
744,61660,-48922,-23977,749,8188,-12632,28588,-6322,3082,12000,665,-10127,7657,pop
745,60243,-29004,-6083,-23819,4484,-27341,15059,-10034,-8331,454,-1646,-5811,5442,pop
746,60195,-28740,-5838,-24522,5143,-28064,16184,-10170,-8391,897,-2478,-5253,5065,pop
747,61396,-40389,-4396,-23913,3440,-4590,18519,-14765,11851,-3323,7063,-6275,375,pop
748,62611,-63659,-9210,-33142,8181,129,34294,-8087,9252,16050,7572,-1950,19883,pop
749,54622,-3820,13108,-8410,-1301,-42424,3782,-13802,-18223,7708,-17326,-18819,13595,pop
750,60174,-39014,5610,287,2991,-25115,20767,-5191,-3014,1232,4755,6468,-2255,pop
751,65010,-62792,-6217,-21375,4428,-11315,23360,-19484,14972,-634,13522,-5922,3596,pop
752,63307,-64707,-5091,-1213,15695,-1259,40810,11845,11921,28088,-1251,214,1518,pop
753,58097,-19036,-18215,-37385,-17351,-61238,23957,-35845,-35495,3956,-32368,-25342,-19988,pop
754,62752,-47224,10731,-15406,-11669,-36450,12568,-7105,14344,9630,-5821,-3780,-21594,pop
755,62137,-58778,4942,-34462,-2709,-878,9310,-2156,10626,12583,-5750,3295,-3020,pop
756,61264,-58029,4678,12182,23122,-9281,15353,-2840,6818,2492,2536,1690,3353,pop
757,63389,-64291,-4197,-766,13665,-1144,40689,10661,13771,26541,-113,-460,1488,pop
758,59326,-35347,-35443,-7807,-13374,-22835,1257,-14120,-10700,-7187,-13996,-8342,-1068,pop
759,61370,-59259,5023,13682,21047,-8990,15572,-3118,7098,2364,2717,1896,3482,pop
760,62752,-47224,10731,-15406,-11669,-36450,12568,-7105,14344,9630,-5821,-3780,-21594,pop
761,60420,-39078,-14270,15251,20253,-40919,16783,-17552,267,15491,-19021,-18884,-10117,pop
762,64563,-33313,-18164,-5778,-16553,-4628,4173,-6193,-8866,27704,-10840,-284,794,pop
763,55605,-1045,-21344,-27371,-16638,-17703,-17497,820,3844,10433,-5243,-1939,-12640,pop
764,61210,-60479,-30693,-28847,-14505,-24799,2152,13969,-25184,10983,-4890,-9648,4195,pop
765,56493,-27731,-15710,-10881,-13722,-10780,-30267,-29740,-14099,3542,-6744,-17522,8202,pop
766,61034,-30155,20695,-17811,-3404,-14849,11064,-8637,-12607,16971,1398,-6558,1750,pop
767,62315,-64907,-3228,-7809,10561,-15465,-4024,-11354,-17591,3614,-9577,474,6674,pop
768,62632,-46774,-16952,-8181,-8448,-22957,-422,-13775,-19624,2303,-14010,-13775,-5040,pop
769,59942,-31147,-26264,15580,677,-4706,-10827,78,4269,1530,-1038,4441,3875,pop
770,58728,-45719,-6464,-8517,-12272,-27766,-12689,113,-5289,-3823,1563,-949,14646,pop
771,62315,-64907,-3228,-7809,10561,-15465,-4024,-11354,-17591,3614,-9577,474,6674,pop
772,62768,-32001,-43444,-26784,-18569,-13701,-3553,77,-9897,-739,-8352,-1069,2593,pop
773,64193,-53098,2027,-20221,-6204,-12271,9389,4446,-15785,2988,-12471,-39,1428,pop
774,60138,-39822,18309,-19112,969,-43608,-5515,-27443,-2636,16813,-8982,98,-3105,pop
775,61553,-59650,4580,17996,2970,-33829,8023,-4657,-15617,11091,-15633,-5749,-4018,pop
776,62768,-55270,3624,-4064,11929,-3337,18262,-1783,1069,3453,6635,3236,521,pop
777,63584,-63666,-4312,-13698,4300,-14971,32428,-6581,-10410,6672,-11746,-2708,5387,pop
778,61536,-45378,-13982,2504,1309,-30875,11662,-14712,-3620,16368,-14812,-3162,-1234,pop
779,46521,-9267,-7631,8525,-100,-24787,-11272,-12202,-24992,2644,-15583,-10204,-1549,pop
780,61400,-40278,-4340,-24039,3556,-4575,18407,-14880,11801,-3031,7225,-6370,218,pop
781,54468,-18202,2712,-11798,-19110,-30308,-22118,-10783,-9108,-21098,15928,-27495,-660,pop
782,60000,-44631,14231,5124,14149,-3694,6148,1725,8785,4338,391,3160,3403,pop
783,57455,-21945,3843,-6983,-16225,-22056,4843,-15220,2203,9418,-4919,-1614,171,pop
784,58775,-33378,-5040,-8308,6097,-35065,1539,-28447,-4545,-808,4790,-1938,1366,pop
785,59981,-27005,-43818,357,5494,-11964,5557,-14556,16496,-1217,-1421,10119,9165,pop
786,61083,-55280,-10321,-18796,-28070,-22544,6920,-7709,-1768,4198,-6948,8005,-3643,pop
787,62124,-46038,9543,-12959,5603,-15626,1514,-13722,-6252,-15279,-12800,-2918,-15190,pop
788,62218,-51720,-6638,-3085,-6972,-25167,16115,-15065,6819,-4429,-24155,-5958,-5278,pop
789,62027,-51148,-3392,1170,-13036,-25840,3976,-13616,-1900,-173,-15187,4545,-6619,pop
790,62276,-46208,8941,-12943,4743,-15223,1903,-14810,-5661,-15939,-12285,-2656,-16050,pop
791,64339,-57402,-5172,-8559,3228,-11392,-2560,-24172,234,601,-7406,-7718,-8543,pop
792,62554,-49079,-13173,-4888,-5881,5430,4084,105,18823,12544,-5017,5045,10158,pop
793,62793,-48231,-1514,-11924,-7412,7856,-2360,-10398,-11022,1547,-9344,40,367,pop
794,61362,-28980,-32748,-16193,108,-28341,2642,-21516,2754,-13933,-15559,-3532,-2902,pop
795,62544,-33440,23566,-10216,-838,-25761,16077,-25467,-8628,-5429,-26675,-23809,-12086,pop
796,61517,-38280,8840,-2856,-2148,-7531,14801,-6830,13272,-5386,-6870,947,-2817,pop
797,58416,-49079,27140,-8163,12005,-18905,20171,-7934,-12785,20999,-4143,360,5249,pop
798,63473,-59096,-11508,-22180,-7397,2882,8456,-4714,-12347,14328,-1595,706,1334,pop
799,57114,-25969,18264,-27724,4147,-33926,10431,-29915,-5320,20412,-20654,-2682,1669,pop
800,55090,-16270,-31594,1297,-31463,24226,-62277,32159,-40889,37744,-13877,14975,-22448,reggae
801,51571,2321,-18844,7792,-38003,30218,-18103,13750,-50233,17135,-22457,-66,-43344,reggae
802,52259,-7169,-15038,35507,-32360,11372,-51452,29394,-37029,20289,-26893,21357,-15618,reggae
803,52668,-9707,-36046,8450,2223,42936,-31807,21947,-30949,49294,-34299,23477,-7649,reggae
804,53223,-12906,-35354,2977,-33109,26314,-34947,25858,-23132,31880,-15064,26723,730,reggae
805,53099,-1091,-39263,17183,-32904,27386,-28661,27786,-33307,34065,-23853,17344,-3943,reggae
806,51890,15255,-26207,15590,-18444,28748,-43368,19835,-30929,7471,-19941,23481,-14719,reggae
807,52520,-468,-30724,-533,-27361,24535,-47797,38166,-40634,38269,-12205,14266,-13477,reggae
808,52622,-429,-30305,25345,-33122,20993,-30110,11613,-18770,34819,-8028,14502,-16808,reggae
809,49915,9639,-14377,-12080,-5280,25561,-51107,29908,-54808,40441,-16220,24723,-12419,reggae
810,51962,-11987,-46963,44230,-43719,24899,-64294,-12069,-39455,12876,-40142,-1289,-7976,reggae
811,51584,-16266,-25799,577,-20350,15935,-27492,58530,-30296,33086,-16744,30346,-15309,reggae
812,52417,-23444,-33447,-3834,-19036,31194,-37256,30971,-28449,31264,-18316,20136,-12682,reggae
813,52286,1820,-14969,2973,-8999,36114,-40834,8714,-38452,21064,-23469,27791,-31504,reggae
814,51562,-4512,-20141,16751,-3408,35844,-47099,21225,-30222,15641,-10444,29188,-14910,reggae
815,54493,-9614,-2533,16817,-8942,20799,-50051,29492,-47217,22063,-36433,25016,-17566,reggae
816,58789,-22648,-27945,24508,-26572,28741,-21199,31301,-41014,17919,-4500,24130,-13405,reggae
817,55137,-8032,-41908,11180,-18178,36410,-35549,27905,-23829,28432,-11411,21048,-19683,reggae
818,53178,-10182,-16956,35006,-20245,21882,-51947,25544,-40736,25969,-18833,16949,-15293,reggae
819,53737,-5625,-13250,13394,-7938,38717,-26673,22294,-21561,36133,-17415,14936,-8049,reggae
820,53616,-476,-12047,9712,-24902,45742,-35150,25541,-27668,33840,-8566,34603,-13127,reggae
821,57774,-15612,-44628,16544,-26379,23894,-31596,21427,-32975,24225,-33194,11221,-35528,reggae
822,57998,-22387,-37146,26829,-12927,32181,-25200,41703,-23912,37200,-9937,37286,-7428,reggae
823,55072,-39198,-34837,33896,17370,31735,-23779,33459,-38042,39715,-26758,27216,-15835,reggae
824,54137,-5643,-30114,24257,-19104,22599,-52263,8175,-30345,25235,-19376,30015,-17308,reggae
825,53830,1,-39283,18441,-20200,30969,-23098,33725,-20846,31675,-12889,19369,-24203,reggae
826,54490,-12137,-32056,35172,-19072,35249,-27115,14713,-14942,32320,-19225,18726,-11769,reggae
827,53616,-20557,-9473,21143,-21603,23365,-35591,18057,-30246,36553,-15707,8162,-25054,reggae
828,47974,-5747,-28144,53384,976,32738,-9705,31284,-24274,28687,-26750,15008,-15994,reggae
829,50386,-7709,1215,48656,-5245,43202,-30884,42492,-26777,18265,-20774,25276,-23270,reggae
830,48981,-15067,4516,42305,-7336,42607,-12632,29277,-27191,26495,-1220,20650,-10106,reggae
831,49715,-7078,-16964,32068,2040,45073,-795,32558,-20474,26831,-11773,13210,-14041,reggae
832,47690,1111,-40352,32297,-3751,39167,-14641,28221,-21601,10505,-25646,15481,-18713,reggae
833,48223,-7013,914,34473,-19649,55344,-26690,47386,-42399,18282,-18160,23774,-16159,reggae
834,48010,13273,-24002,36577,-10006,20677,-6529,43324,-17608,22818,-20292,9871,-13476,reggae
835,48491,-3421,-24575,31020,-22060,31930,-14446,29643,-19622,16257,-18843,13826,-25147,reggae
836,49175,-15391,-13441,44370,-18561,41393,-10482,33195,-36426,21866,-13662,24871,-3723,reggae
837,48257,-13575,-22015,45613,-2532,45869,-3715,44320,760,17425,-16220,17473,-11066,reggae
838,49571,-2447,-22356,22214,-31634,26766,-16734,41586,-17823,37928,-16114,12200,-19779,reggae
839,47285,-1411,56836,16671,3901,28061,-39463,52620,8120,62302,3827,34482,-10632,reggae
840,47088,-4495,-46534,23975,-45335,-9210,-50983,-7876,-55078,-3533,-30673,28642,-15426,reggae
841,53728,-14004,-8632,63264,-18286,-5092,-9385,27476,-4140,-3036,1669,4263,5348,reggae
842,53297,-28769,-44962,-8503,26876,15135,6760,-4598,-1068,1035,2610,-515,-7617,reggae
843,54587,19119,-72051,17435,15106,-33318,-5106,-933,5535,-29362,-10777,20672,20004,reggae
844,56227,-28632,814,9204,557,-4483,1516,3349,-1891,-4063,3487,-8470,-479,reggae
845,59468,-78001,6321,23554,-3201,1945,-7869,-772,2575,-616,2353,1480,9059,reggae
846,53699,-26274,-1384,33491,-12225,5438,-35130,-24443,-7020,-4172,3508,-4606,-11570,reggae
847,56579,-31320,-33975,40590,-14622,-25393,-38520,-8101,-23365,-18265,1461,-36,-6383,reggae
848,57126,-38995,-11813,29304,-8424,17998,-33962,459,-14304,16931,-788,19056,3065,reggae
849,55758,-21535,5835,10902,-3669,-36968,-3809,-1915,-12017,-23686,-5858,-11298,-14191,reggae
850,56978,-36606,-24668,1376,-1676,-5513,-8262,242,147,2455,9161,9796,2633,reggae
851,58203,-94064,11315,28979,-10314,36280,27983,16173,3445,1498,5256,16134,8658,reggae
852,59654,-48893,20273,-4582,8510,-6406,496,11182,2416,-14472,14530,14643,8129,reggae
853,47969,-12972,-16036,13563,15128,-5164,8884,1343,-3956,19497,-5266,22675,-718,reggae
854,53688,-24684,-14555,-13342,29936,14460,-1487,-3801,335,21881,-6501,2322,9545,reggae
855,55276,-28086,15722,4076,-11034,4525,-8126,-9666,3696,593,14489,11575,10003,reggae
856,53532,-14214,-19999,-4388,-4684,-788,232,884,-4255,9621,-1324,-570,11370,reggae
857,53332,-14405,-7271,-1672,-3066,-7461,-986,-13527,5727,10987,10653,-1206,650,reggae
858,54056,-26649,-3506,-18882,12041,3442,-11512,-16570,-6565,-2743,-1153,6795,-10746,reggae
859,57741,-30354,-22594,-16554,-14770,-2661,-12697,-5246,-17261,706,5440,-7414,3695,reggae
860,47337,-23975,-39995,17978,-26694,457,-38665,-37258,-12239,-5474,-17348,-14535,6558,reggae
861,60525,-41884,-12372,8399,4648,-22610,-15965,480,-8967,476,18976,611,-2703,reggae
862,47784,-20602,-7380,19530,35238,590,11720,22751,9275,1055,13857,10496,3515,reggae
863,53770,-4458,-57365,17715,38,-25608,-7769,-1669,-7839,-1154,11262,4488,18083,reggae
864,61055,-44868,3883,-1739,35400,12112,-13677,-74,23113,1404,11659,16355,6898,reggae
865,59811,-8069,-40705,4814,10357,-5881,3506,24342,-2937,3518,17961,13472,-63,reggae
866,54604,2533,-46174,13814,-9923,7603,-24333,24899,1074,2369,-4595,1455,4353,reggae
867,54841,-737,-22391,-5499,33248,-29406,4248,-9197,4417,-2835,-3588,16387,7430,reggae
868,52926,-16804,-22815,2707,-19718,24665,-2828,13370,9278,17369,10735,17003,-4314,reggae
869,55692,-23074,2133,11389,-14230,-13602,-29553,56962,-2519,-31014,56694,-19476,13154,reggae
870,55772,-22167,-14053,13150,-3402,18853,18459,19910,-2891,19099,24039,3965,10258,reggae
871,57473,-46858,5411,26097,19318,4219,-14906,28037,-9596,1242,27900,7972,9332,reggae
872,58233,-38413,-10517,-22817,8708,-17338,-22213,6068,-13757,-9271,6921,-6167,-4214,reggae
873,56616,-24227,5435,10835,-5394,15009,-544,13501,11578,24709,12733,25525,11643,reggae
874,56615,-24176,5292,10718,-5531,14808,-517,13481,11647,24567,12452,25321,11762,reggae
875,60359,-28987,-55619,-10385,-23698,-3915,-6486,19633,-15999,-3523,22251,-6061,27261,reggae
876,57908,-29440,2268,20733,-14277,-2641,-12764,2526,5481,19567,-1337,-6376,-4447,reggae
877,53608,-10396,-23426,41564,2300,1758,5469,-10709,-7434,-7656,-11668,-12847,-725,reggae
878,54279,-24188,-31998,45329,9566,24570,-1530,-2207,-10660,17785,-16462,-7313,2164,reggae
879,55778,-50048,-58617,34628,-36686,40645,14320,-4012,21172,8535,1749,6918,-5348,reggae
880,57858,-38115,-17163,9702,-7819,-1355,22037,39860,-4127,27053,22702,7148,9158,reggae
881,57401,-37750,-17622,10358,-8644,-1548,21257,41604,-6829,30010,21655,8435,9303,reggae
882,57401,-37750,-17622,10358,-8644,-1548,21257,41604,-6829,30010,21655,8435,9303,reggae
883,49259,18573,-13782,1523,-52361,-24505,5985,-5301,-8111,-3359,5903,-3372,-16923,reggae
884,54697,-4304,-22931,25736,-34341,-9332,-8905,-11164,-28872,-2368,6899,-14665,-14940,reggae
885,54926,756,-82682,63421,-1146,-21242,23604,-7822,-1013,15983,-2964,18271,-186,reggae
886,66222,-58738,-42606,-25828,22544,4774,3015,-9284,2848,-44,-3278,-9496,-1133,reggae
887,59105,-42027,11599,-7052,-25457,-12240,-6545,-24290,-4911,14276,12668,732,5042,reggae
888,60403,-57585,-6386,-33612,-12380,-20334,-12701,-3184,-8941,2599,1429,-1311,5767,reggae
889,51963,33177,-33980,26483,-21298,15624,-10213,1721,-4424,-6924,-216,-1327,436,reggae
890,57082,-41151,-12504,3933,7572,20599,-36631,21076,6448,212,15992,-6072,208,reggae
891,54475,-25161,-58815,9620,-29430,6348,-7383,20850,-12683,-1458,15649,-1618,23618,reggae
892,56059,-19619,-65474,15766,-34776,10511,-10186,24062,-13477,-1511,16261,-2493,24351,reggae
893,55053,-3244,-30128,-28599,18160,-43788,12038,-1398,-23533,26386,5745,-7337,-2015,reggae
894,57411,-8257,-45991,-3993,14043,2635,-11375,-3695,-2006,19797,-19502,-2824,16204,reggae
895,58783,-35162,-3179,12600,-15462,-13979,-9760,-8981,-1179,-1234,-10718,-12847,-5514,reggae
896,55544,4312,-71829,86131,-3845,14118,11727,5993,2727,6964,8795,19032,-642,reggae
897,55893,-9905,-43367,24121,-43116,-33112,-29569,-37271,-25429,-30566,-32298,-4808,5860,reggae
898,55034,-22239,-15599,23682,-8700,8960,-2054,15272,1291,8917,9272,22667,6284,reggae
899,61242,-29364,-75275,55731,-25873,57221,-20768,1242,-1643,24707,-7477,20200,-3838,reggae
900,56189,-13533,-38571,19573,-32510,16677,-49656,13014,-43061,18580,-33178,17297,-26144,rock
901,56161,7378,-39350,23443,-20955,33275,-46585,12298,-48547,10249,-18481,24122,-18211,rock
902,55324,-6956,-44580,23599,-26254,17371,-42126,27892,-28273,28387,-20140,29593,-9644,rock
903,53135,6574,-10847,17732,-16728,42144,-19617,34279,-48992,21971,-16810,27825,-15910,rock
904,55205,6929,-7221,48662,-16998,45331,-43537,10819,-37504,5166,-31354,27290,-21903,rock
905,59640,18990,-74487,-4061,-24213,18364,-68496,24433,-24295,14609,-12012,26302,-10793,rock
906,58748,11007,-71056,24706,-38476,-5763,-46658,25846,-32973,-1356,-43937,11038,-20571,rock
907,54306,19200,-24280,15428,-17254,13079,-53227,17851,-54742,10236,-33456,12748,-27700,rock
908,61622,1512,-58104,-12827,-48369,38464,-46082,17173,-43999,32737,-9995,32268,-15748,rock
909,52416,32992,-20228,-484,-33892,33594,-20819,18522,-36363,236,-28466,19672,-17182,rock
910,56375,-8750,-17518,23394,-26787,13139,-48451,32983,-25717,21561,-60796,1850,-29851,rock
911,53494,396,-6472,31089,-10012,14107,-36066,35105,-42541,10744,-58217,1748,-37675,rock
912,50800,-6292,-20911,35304,-9491,25796,-42082,19824,-32784,1114,-45645,-111,-34030,rock
913,52484,-15115,30676,59537,-24192,12684,-37286,21752,-23861,28336,-40790,10855,-25994,rock
914,48365,-8024,-24795,43672,-24500,10071,-40765,16623,-23615,5889,-44634,17638,-20274,rock
915,53943,-17327,-33082,19976,-34895,-10969,-55841,4952,-31696,10976,-45936,30712,-34874,rock
916,62165,-31889,-55822,16585,-39685,15563,-43293,43206,-45544,26901,-28665,9509,-25080,rock
917,61511,-22871,-68799,26829,-31647,12480,-40837,22898,-44408,24192,-36043,14160,-21081,rock
918,58835,-22441,-49460,21951,-25371,23928,-42288,30310,-39897,32632,-26041,15728,-21631,rock
919,58202,-25594,-59152,27398,-31276,19501,-50374,17981,-59421,8430,-41134,12195,-22026,rock
920,59613,-16349,-49104,7567,-49647,6437,-47753,20996,-69482,30612,-32696,5922,-20343,rock
921,60235,-16499,-56816,8050,-51470,-1214,-47278,21889,-78141,31283,-21380,3032,-13987,rock
922,61452,-24496,-62735,2083,-55656,4996,-46356,18991,-73943,21426,-33214,6578,-18587,rock
923,58995,-20199,-44907,12632,-52503,2383,-55037,19035,-69893,14948,-29244,19506,-8891,rock
924,61061,-26329,-69897,29446,-36107,8257,-40419,14505,-65169,15988,-31345,5443,-24566,rock
925,61487,-33412,-65047,27972,-39726,315,-40981,24264,-54938,42308,-33042,6069,-16145,rock
926,60008,-22175,-51775,19485,-37753,13337,-35258,30876,-58936,25007,-27959,10510,-17984,rock
927,56527,-37216,-37813,12814,-8800,16967,-19478,15965,-34527,11170,-1038,-4898,134,rock
928,58286,-13708,-64306,37655,18761,22622,91,-4149,-18467,-654,-31522,-19383,-7890,rock
929,60387,-29809,-29830,27817,-20489,15390,-22560,3789,-20146,7067,-2114,1847,-7115,rock
930,56725,-41239,18061,22587,-27581,17030,-34025,7318,-24784,-3748,-8427,3711,-10974,rock
931,58345,-29597,-43200,-4406,-31593,-27684,-3135,-12956,-28857,-9531,-10772,1839,-3099,rock
932,62681,-27733,-46495,10066,2985,-5835,-13635,-6621,-4360,-688,-2235,5122,-3091,rock
933,56226,5554,-47038,2341,-7895,-6564,-38069,-4940,-2760,-11224,-20579,-1752,629,rock
934,62906,-41960,-32504,7871,1664,5814,-7250,9681,-10563,18631,-6542,-2064,-3604,rock
935,54417,-10139,-14628,11874,2014,1612,9745,22993,-2036,-8701,16002,2355,18,rock
936,63999,-42238,-37374,-5328,3005,4314,-24328,23639,-729,14741,-2794,3349,-10260,rock
937,59172,-34943,-48956,8347,-3849,-14351,-4188,14818,-17474,-3297,143,-2592,-5852,rock
938,62697,-46646,-43658,-13121,-1189,5336,7094,17529,-5384,-1071,783,632,-7676,rock
939,59629,-29905,-41855,-24100,28793,-449,-9103,-12483,3248,-15125,-17665,-7553,-5725,rock
940,60157,-48692,-30004,17113,2818,-950,2792,-4875,2255,-964,-4798,-5677,-19264,rock
941,61299,-39557,-50193,-14252,9426,1056,4299,-14455,-2566,-4796,-2834,-2834,-6484,rock
942,58519,-37409,-27974,4194,-2600,-15887,-8781,-16335,-2943,-9087,-12369,-9052,-3371,rock
943,59685,-36877,-55430,-6520,-5919,-3446,24753,-8140,8381,8303,-8663,-6231,-5997,rock
944,56568,8885,-31720,-21643,-17813,-3292,1609,-4222,-1790,-10443,-7825,-2751,11934,rock
945,54620,18123,-86086,78764,-8078,-16164,-14240,-46458,-14941,-21039,-14998,-34223,-6471,rock
946,58180,-21578,-41592,-19931,404,848,-21774,-20898,-2981,22334,18224,10448,-9771,rock
947,60358,-48400,-36300,13587,3899,-12025,-12,-437,-10042,-1434,6023,-3533,6673,rock
948,57865,9338,-70930,20773,-27016,16989,-23402,7939,-15724,-13317,-1803,-18049,-6913,rock
949,54546,-6441,-24100,-1389,-10125,-16182,-14919,5459,7244,-15867,-2576,-2966,3400,rock
950,53519,-390,68,1707,-21085,-10221,7789,-1727,-16369,-1880,9225,6228,10406,rock
951,59548,-41813,9036,3379,-21940,-10551,-9156,-10044,-9365,-371,226,11875,3375,rock
952,52692,-6803,-10174,-6087,850,-29745,-3515,-27247,-36185,-10797,-5372,-10490,-6076,rock
953,63908,-57644,-35591,-4002,4096,-6465,-7014,-2081,-10402,1488,6076,1725,-1572,rock
954,54637,-29214,-43584,-12248,-2794,341,-18327,-19904,-14354,-21442,-9690,-5345,-10005,rock
955,56130,961,-18336,-25557,-11415,-21896,-19497,-8082,-14477,-8101,42,-483,1086,rock
956,62879,-54606,-18861,7612,-12258,-1430,-14333,6353,-8105,-2002,7904,-3576,629,rock
957,60646,-49222,-3617,-37714,-11151,-260,-10632,-46,-7573,-16805,5015,4358,3689,rock
958,55257,-17852,-1837,-32695,-22427,-17152,-8309,-5111,-21985,-7372,-12129,-6577,-6263,rock
959,50932,-15250,24451,-26445,-24557,-6378,3235,-8599,-17248,-13771,-13639,395,-587,rock
960,58083,-32122,-29607,-27354,-2955,-7065,-2206,-8518,-7176,-8633,1044,1430,-1132,rock
961,52829,-10868,35311,-8632,-16089,-20074,-25867,-24910,-33234,-32044,-2542,7402,17190,rock
962,52778,-36825,28777,-13551,-9165,-14998,-11466,-5521,-13629,-16862,-2988,-10443,-2629,rock
963,47862,7909,28159,-7554,3506,-14623,-6078,-645,-16559,-4083,565,5822,8728,rock
964,56571,-17659,-46909,14733,-31943,34540,-54747,33808,-62074,12404,-32348,16262,-20139,rock
965,58468,-22147,-63256,28358,-45801,25585,-40998,36777,-29640,21551,-27479,7958,-14310,rock
966,49535,-18995,-39475,25694,-18058,2520,-70277,34068,-52559,667,-23356,7425,-31245,rock
967,56722,-27861,-28380,28747,-34483,2562,-58102,45393,-43141,21264,-28630,13731,-22902,rock
968,56785,-31799,-28642,30948,-24079,24386,-44979,36588,-60009,20311,-25257,7448,-19911,rock
969,53193,-29654,-32422,29459,-41702,996,-85012,33159,-75788,11072,-6932,3028,-7240,rock
970,54016,-32207,-41153,53922,-32243,16589,-66138,12559,-64869,7111,-46101,-98,1935,rock
971,58008,-18673,-33913,21731,-32572,31815,-29325,29945,-35303,19986,-17033,24138,-27340,rock
972,57526,-12110,-17747,23570,-36092,23064,-39535,24201,-28569,26424,-22811,24217,-28138,rock
973,59276,-24309,-34552,24149,-35089,29593,-42448,31442,-37619,21087,-26737,16793,-26212,rock
974,58275,-19645,-31783,41139,-39833,29320,-40256,14797,-26714,21336,-22770,20717,-19324,rock
975,57298,-27811,-20838,30739,-36432,33672,-44194,22178,-33375,23089,-24398,13436,-33632,rock
976,55650,1330,-28185,24138,-36367,25023,-43684,25252,-31705,8629,-23866,17170,-23619,rock
977,57015,-25023,-28241,21281,-22181,23043,-23506,42917,-37197,27611,-31031,19342,-26112,rock
978,55742,-7901,-12628,17281,-28100,41784,-51942,20653,-27825,24956,-28296,7737,-32406,rock
979,57808,-16192,-49252,19911,-47524,18735,-44002,13028,-36409,22574,-41846,8623,-23472,rock
980,58929,-34342,-45389,18697,-51388,17661,-44623,13073,-38826,33378,-54356,7765,-15950,rock
981,56942,-29810,-54399,14128,-57777,10811,-40645,14287,-39030,39437,-29728,3979,-19751,rock
982,59073,-46636,-45882,11541,-49258,21474,-40495,31564,-38982,36411,-44840,14232,-13362,rock
983,56204,-18022,-31289,33989,-36709,11166,-49578,13996,-40839,22058,-39472,19404,-15659,rock
984,58445,-33565,-37257,8223,-41512,25307,-40058,14905,-40114,24020,-45037,14282,-23761,rock
985,53944,-18175,-59813,22285,-44909,17803,-47545,17840,-39160,22344,-33644,6801,-13071,rock
986,54757,-29909,-53122,26672,-30439,233,-55960,14018,-49699,15665,-18129,18325,-22368,rock
987,61089,-25049,-57843,8103,-23390,20648,-51403,46487,-43776,32897,-35344,9852,-27832,rock
988,57511,-33776,-72714,19174,-36521,13149,-49586,15815,-26349,22080,-32962,19010,-26045,rock
989,54084,6149,-49067,16850,-40484,24567,-27380,26494,-29402,9950,-24930,8749,-14764,rock
990,60392,-30198,-45558,22317,-82322,12740,-49940,25631,-36530,2078,-15906,30046,-9901,rock
991,59408,-26931,-64772,18900,-29222,8850,-30595,34227,-52037,36226,-27981,12824,-15857,rock
992,59432,-30938,-68171,14258,-27457,2235,-50707,11704,-42115,24669,-33182,14115,-19761,rock
993,56809,-3895,-66683,15020,-13388,7036,-42548,23896,-41429,24045,-13402,13421,-33044,rock
994,59057,-35739,-65832,32887,-6168,27436,-35431,25327,-43266,19419,-34613,7954,-30906,rock
995,54430,-10754,-40411,34634,-19094,-3989,-48034,24227,-43243,28879,-14393,25878,-28064,rock
996,54529,-10042,-50762,18668,-19858,10263,-48365,27986,-42206,13753,-27863,36970,-19172,rock
997,56245,-14246,-68377,29210,-22716,5684,-29451,16653,-38451,1965,-39329,17896,-23751,rock
998,50095,6348,-26653,48683,4078,14096,-50276,17663,-36099,30885,-32622,16614,-30841,rock
999,50445,2596,-44855,26479,-13754,22210,-23019,18978,-31012,32892,-7153,25754,-39389,rock
